index_name,station_id,station_name,baseline_period,comparison_period,baseline_mean_days,comparison_mean_days,late_minus_baseline_days,expected_direction,direction_consistent
warm_days,19996,Bahookalat,1991-2007,2008-2024,28.058823529411764,35.142857142857146,7.084033613445381,increase,True
warm_days,40700,Parsabad,1991-2007,2008-2024,34.11764705882353,52.35294117647059,18.235294117647058,increase,True
warm_days,40701,Maku,1991-2007,2008-2024,32.88235294117647,68.17647058823529,35.29411764705882,increase,True
warm_days,40702,Jolfa,1991-2007,2008-2024,33.8235294117647,64.17647058823529,30.352941176470587,increase,True
warm_days,40703,Khoy,1991-2007,2008-2024,33.8235294117647,74.82352941176471,41.00000000000001,increase,True
warm_days,40704,Ahar,1991-2007,2008-2024,33.588235294117645,65.29411764705883,31.70588235294118,increase,True
warm_days,40706,Tabriz,1991-2007,2008-2024,33.76470588235294,61.470588235294116,27.705882352941174,increase,True
warm_days,40708,Ardebil,1991-2007,2008-2024,33.76470588235294,58.529411764705884,24.764705882352942,increase,True
warm_days,40709,Astara,1991-2007,2008-2024,33.529411764705884,64.94117647058823,31.411764705882348,increase,True
warm_days,40710,Sarab,1991-2007,2008-2024,32.8235294117647,59.94117647058823,27.11764705882353,increase,True
warm_days,40712,Orumiyeh,1991-2007,2008-2024,33.411764705882355,79.58823529411765,46.1764705882353,increase,True
warm_days,40713,Maragheh-Synoptic,1991-2007,2008-2024,32.64705882352941,99.05882352941177,66.41176470588235,increase,True
warm_days,40716,Mianeh,1991-2007,2008-2024,32.88235294117647,68.82352941176471,35.94117647058824,increase,True
warm_days,40717,Khalkhal,1991-2007,2008-2024,33.1764705882353,74.6470588235294,41.47058823529411,increase,True
warm_days,40718,Bandar-E-Anzali,1991-2007,2008-2024,31.764705882352942,115.0,83.23529411764706,increase,True
warm_days,40719,Rasht,1991-2007,2008-2024,33.35294117647059,46.8235294117647,13.470588235294116,increase,True
warm_days,40723,Bojnurd,1991-2007,2008-2024,33.05882352941177,57.23529411764706,24.17647058823529,increase,True
warm_days,40724,Piranshahr,1991-2007,2008-2024,31.235294117647058,76.05882352941177,44.82352941176471,increase,True
warm_days,40726,Mahabad,1991-2007,2008-2024,33.35294117647059,74.6470588235294,41.29411764705882,increase,True
warm_days,40727,Saqez,1991-2007,2008-2024,32.35294117647059,68.29411764705883,35.94117647058824,increase,True
warm_days,40728,Takab,1991-2007,2008-2024,32.705882352941174,68.41176470588235,35.705882352941174,increase,True
warm_days,40729,Zanjan,1991-2007,2008-2024,32.588235294117645,93.70588235294117,61.11764705882353,increase,True
warm_days,40730,Khorramdareh,1991-2007,2008-2024,33.294117647058826,68.88235294117646,35.58823529411764,increase,True
warm_days,40731,Qazvin,1991-2007,2008-2024,32.64705882352941,65.58823529411765,32.94117647058824,increase,True
warm_days,40732,Ramsar,1991-2007,2008-2024,33.05882352941177,82.29411764705883,49.23529411764706,increase,True
warm_days,40734,Nowshahr,1991-2007,2008-2024,33.470588235294116,76.23529411764706,42.76470588235294,increase,True
warm_days,40736,Babolsar,1991-2007,2008-2024,32.588235294117645,59.1764705882353,26.588235294117652,increase,True
warm_days,40737,Gharakhil,1991-2007,2008-2024,34.470588235294116,67.47058823529412,33.0,increase,True
warm_days,40738,Gorgan,1991-2007,2008-2024,34.94117647058823,71.41176470588235,36.470588235294116,increase,True
warm_days,40739,Shahrud,1991-2007,2008-2024,32.529411764705884,48.470588235294116,15.941176470588232,increase,True
warm_days,40740,Quchan,1991-2007,2008-2024,34.588235294117645,52.294117647058826,17.70588235294118,increase,True
warm_days,40741,Sarakhs,1991-2007,2008-2024,34.94117647058823,68.58823529411765,33.64705882352942,increase,True
warm_days,40742,Biyarjomand,1991-2007,2008-2024,32.75,55.470588235294116,22.720588235294116,increase,True
warm_days,40743,Sabzevar,1991-2007,2008-2024,33.411764705882355,55.0,21.588235294117645,increase,True
warm_days,40744,Golmakan,1991-2007,2008-2024,36.0,62.05882352941177,26.058823529411768,increase,True
warm_days,40745,Mashhad,1991-2007,2008-2024,34.76470588235294,62.05882352941177,27.294117647058826,increase,True
warm_days,40746,Neyshabur,1991-2007,2008-2024,34.11764705882353,61.0,26.88235294117647,increase,True
warm_days,40747,Sanandaj,1991-2007,2008-2024,32.411764705882355,80.6470588235294,48.23529411764705,increase,True
warm_days,40748,Bijar,1991-2007,2008-2024,31.529411764705884,80.17647058823529,48.647058823529406,increase,True
warm_days,40749,Zarrineh,1991-2007,2008-2024,32.0,83.05882352941177,51.05882352941177,increase,True
warm_days,40751,Tehran (Shemiran),1991-2007,2008-2024,31.88235294117647,84.11764705882354,52.235294117647065,increase,True
warm_days,40752,Karaj,1991-2007,2008-2024,31.529411764705884,66.17647058823529,34.647058823529406,increase,True
warm_days,40754,Tehran (Mehrabad Airport),1991-2007,2008-2024,31.294117647058822,44.8235294117647,13.52941176470588,increase,True
warm_days,40755,Abali,1991-2007,2008-2024,31.11764705882353,60.470588235294116,29.352941176470587,increase,True
warm_days,40757,Semnan,1991-2007,2008-2024,32.470588235294116,61.588235294117645,29.11764705882353,increase,True
warm_days,40758,Garmsar,1991-2007,2008-2024,32.294117647058826,42.294117647058826,10.0,increase,True
warm_days,40762,Torbat-E Heydariyeh,1991-2007,2008-2024,33.470588235294116,71.76470588235294,38.294117647058826,increase,True
warm_days,40763,Kashmar,1991-2007,2008-2024,32.94117647058823,60.76470588235294,27.82352941176471,increase,True
warm_days,40764,Ravansar,1991-2007,2008-2024,32.23529411764706,76.0,43.76470588235294,increase,True
warm_days,40765,Sarpol-E-Zahab,1991-2007,2008-2024,32.470588235294116,68.88235294117646,36.41176470588235,increase,True
warm_days,40766,Kermanshah,1991-2007,2008-2024,33.23529411764706,47.88235294117647,14.647058823529413,increase,True
warm_days,40768,Hamedan (Airport),1991-2007,2008-2024,32.0,70.76470588235294,38.76470588235294,increase,True
warm_days,40769,Arak,1991-2007,2008-2024,30.764705882352942,69.88235294117646,39.11764705882352,increase,True
warm_days,40770,Qom,1991-2007,2008-2024,30.529411764705884,76.6470588235294,46.11764705882352,increase,True
warm_days,40771,Kangavar,1991-2007,2008-2024,31.294117647058822,76.6470588235294,45.35294117647058,increase,True
warm_days,40772,Qorveh,1991-2007,2008-2024,31.823529411764707,82.05882352941177,50.23529411764706,increase,True
warm_days,40774,Borujerd,1991-2007,2008-2024,29.941176470588236,74.88235294117646,44.94117647058823,increase,True
warm_days,40778,Gonabad,1991-2007,2008-2024,33.05882352941177,62.705882352941174,29.647058823529406,increase,True
warm_days,40779,Eslamabad-E-Gharb,1991-2007,2008-2024,32.529411764705884,60.588235294117645,28.05882352941176,increase,True
warm_days,40780,Ilam,1991-2007,2008-2024,32.0,108.29411764705883,76.29411764705883,increase,True
warm_days,40782,Khorramabad,1991-2007,2008-2024,31.529411764705884,79.17647058823529,47.647058823529406,increase,True
warm_days,40783,Aligudarz,1991-2007,2008-2024,30.705882352941178,66.58823529411765,35.88235294117648,increase,True
warm_days,40785,Kashan,1991-2007,2008-2024,30.823529411764707,69.0,38.17647058823529,increase,True
warm_days,40787,Daran,1991-2007,2008-2024,32.0625,73.52941176470588,41.466911764705884,increase,True
warm_days,40789,Khur-Va-Biabanak,1991-2007,2008-2024,33.0,66.05882352941177,33.05882352941177,increase,True
warm_days,40790,Robat-E-Poshtebadam,1991-2007,2008-2024,33.1875,52.05882352941177,18.871323529411768,increase,True
warm_days,40791,Tabas,1991-2007,2008-2024,33.76470588235294,74.52941176470588,40.76470588235294,increase,True
warm_days,40792,Ferdows,1991-2007,2008-2024,34.11764705882353,47.588235294117645,13.470588235294116,increase,True
warm_days,40793,Qaen,1991-2007,2008-2024,34.76470588235294,73.3529411764706,38.58823529411765,increase,True
warm_days,40794,Safiabad (Dezful),1991-2007,2008-2024,31.58823529411765,73.70588235294117,42.11764705882352,increase,True
warm_days,40796,Dehloran,1991-2007,2008-2024,31.705882352941178,101.3529411764706,69.64705882352942,increase,True
warm_days,40797,Kuhrang,1991-2007,2008-2024,31.941176470588236,93.0,61.05882352941177,increase,True
warm_days,40798,Shahrekord,1991-2007,2008-2024,30.176470588235293,80.82352941176471,50.64705882352942,increase,True
warm_days,40799,Ardestan,1991-2007,2008-2024,33.1875,56.705882352941174,23.518382352941174,increase,True
warm_days,40800,Esfahan,1991-2007,2008-2024,32.0625,77.6470588235294,45.584558823529406,increase,True
warm_days,40801,Naein,1991-2007,2008-2024,32.1875,53.11764705882353,20.93014705882353,increase,True
warm_days,40802,Esfahan (Airport),1991-2007,2008-2024,30.529411764705884,59.0,28.470588235294116,increase,True
warm_days,40803,Kabutarabad,1991-2007,2008-2024,31.5,78.47058823529412,46.970588235294116,increase,True
warm_days,40809,Birjand,1991-2007,2008-2024,33.35294117647059,61.529411764705884,28.176470588235297,increase,True
warm_days,40810,Bostan,1991-2007,2008-2024,31.0,79.05882352941177,48.05882352941177,increase,True
warm_days,40811,Ahvaz,1991-2007,2008-2024,31.470588235294116,75.52941176470588,44.05882352941177,increase,True
warm_days,40812,Masjedsoleyman,1991-2007,2008-2024,30.58823529411765,74.0,43.41176470588235,increase,True
warm_days,40813,Ramhormoz,1991-2007,2008-2024,32.411764705882355,79.17647058823529,46.764705882352935,increase,True
warm_days,40818,Abadeh,1991-2007,2008-2024,31.294117647058822,65.76470588235294,34.470588235294116,increase,True
warm_days,40821,Yazd,1991-2007,2008-2024,32.23529411764706,62.294117647058826,30.058823529411768,increase,True
warm_days,40827,Nehbandan,1991-2007,2008-2024,32.88235294117647,65.23529411764706,32.35294117647059,increase,True
warm_days,40829,Zabol,1991-2007,2008-2024,33.1764705882353,78.70588235294117,45.52941176470588,increase,True
warm_days,40831,Abadan,1991-2007,2008-2024,31.88235294117647,72.6470588235294,40.764705882352935,increase,True
warm_days,40832,Bandar-E- Mahshahr,1991-2007,2008-2024,31.647058823529413,65.58823529411765,33.94117647058824,increase,True
warm_days,40833,Omidiyeh (Aghajari),1991-2007,2008-2024,30.764705882352942,74.17647058823529,43.41176470588235,increase,True
warm_days,40835,Dogonbadan,1991-2007,2008-2024,32.3125,90.9375,58.625,increase,True
warm_days,40836,Yasuj,1991-2007,2008-2024,31.41176470588235,75.3125,43.90073529411765,increase,True
warm_days,40839,Anar,1991-2007,2008-2024,31.41176470588235,60.1764705882353,28.764705882352946,increase,True
warm_days,40841,Kerman,1991-2007,2008-2024,30.764705882352942,65.41176470588235,34.647058823529406,increase,True
warm_days,40844,Dorudzan,1991-2007,2008-2024,31.41176470588235,80.3529411764706,48.941176470588246,increase,True
warm_days,40847,Zarqan,1991-2007,2008-2024,29.058823529411764,97.23529411764706,68.17647058823529,increase,True
warm_days,40848,Shiraz,1991-2007,2008-2024,30.235294117647058,79.70588235294117,49.470588235294116,increase,True
warm_days,40849,Shahrebabak,1991-2007,2008-2024,30.0,73.82352941176471,43.82352941176471,increase,True
warm_days,40851,Sirjan,1991-2007,2008-2024,30.529411764705884,69.3529411764706,38.82352941176471,increase,True
warm_days,40853,Baft,1991-2007,2008-2024,31.88235294117647,76.23529411764706,44.35294117647059,increase,True
warm_days,40854,Bam,1991-2007,2008-2024,32.0,70.11764705882354,38.117647058823536,increase,True
warm_days,40856,Zahedan,1991-2007,2008-2024,33.588235294117645,53.35294117647059,19.764705882352942,increase,True
warm_days,40857,Bushehr (Coastal),1991-2007,2008-2024,32.705882352941174,114.52941176470588,81.82352941176471,increase,True
warm_days,40858,Bushehr (Airport),1991-2007,2008-2024,31.41176470588235,35.76470588235294,4.3529411764705905,increase,True
warm_days,40859,Fasa,1991-2007,2008-2024,29.764705882352942,60.88235294117647,31.11764705882353,increase,True
warm_days,40870,Khash,1991-2007,2008-2024,32.64705882352941,64.0,31.352941176470587,increase,True
warm_days,40873,Lar,1991-2007,2008-2024,31.058823529411764,67.76470588235294,36.705882352941174,increase,True
warm_days,40875,Bandarabbas,1991-2007,2008-2024,33.705882352941174,56.64705882352941,22.94117647058824,increase,True
warm_days,40876,Minab,1991-2007,2008-2024,33.470588235294116,70.23529411764706,36.76470588235294,increase,True
warm_days,40877,Kahnuj,1991-2007,2008-2024,30.41176470588235,53.35294117647059,22.941176470588236,increase,True
warm_days,40878,Saravan,1991-2007,2008-2024,32.705882352941174,62.23529411764706,29.529411764705884,increase,True
warm_days,40879,Iranshahr,1991-2007,2008-2024,31.764705882352942,59.705882352941174,27.941176470588232,increase,True
warm_days,40882,Kish Island,1991-2007,2008-2024,33.0,56.0,23.0,increase,True
warm_days,40883,Bandar-E-Lengeh,1991-2007,2008-2024,32.470588235294116,60.294117647058826,27.82352941176471,increase,True
warm_days,40889,Siri Island,1991-2007,2008-2024,31.529411764705884,68.76470588235294,37.23529411764706,increase,True
warm_days,40890,Abumusa Island,1991-2007,2008-2024,31.0,104.82352941176471,73.82352941176471,increase,True
warm_days,40893,Jask,1991-2007,2008-2024,31.88235294117647,39.0,7.117647058823529,increase,True
warm_days,40898,Chahbahar,1991-2007,2008-2024,33.588235294117645,58.88235294117647,25.294117647058826,increase,True
warm_days,88187,Jam,1991-2007,2008-2024,33.125,78.29411764705883,45.169117647058826,increase,True
warm_days,99331,Tehran (Geophysic),1991-2007,2008-2024,32.23529411764706,72.5625,40.32720588235294,increase,True
warm_days,99407,Boshruyeh,1991-2007,2008-2024,33.76470588235294,54.64705882352941,20.88235294117647,increase,True
warm_days,99421,Natanz,1991-2007,2008-2024,33.1875,61.588235294117645,28.400735294117645,increase,True
warm_days,99459,Borujen,1991-2007,2008-2024,30.0,88.11764705882354,58.117647058823536,increase,True
warm_days,99623,Zahak,1991-2007,2008-2024,33.86666666666667,68.0,34.13333333333333,increase,True
warm_nights,19996,Bahookalat,1991-2007,2008-2024,25.88235294117647,42.8,16.917647058823526,increase,True
warm_nights,40700,Parsabad,1991-2007,2008-2024,30.529411764705884,59.88235294117647,29.352941176470587,increase,True
warm_nights,40701,Maku,1991-2007,2008-2024,32.05882352941177,67.05882352941177,35.0,increase,True
warm_nights,40702,Jolfa,1991-2007,2008-2024,31.705882352941178,75.58823529411765,43.88235294117648,increase,True
warm_nights,40703,Khoy,1991-2007,2008-2024,32.76470588235294,81.47058823529412,48.705882352941174,increase,True
warm_nights,40704,Ahar,1991-2007,2008-2024,32.76470588235294,59.411764705882355,26.647058823529413,increase,True
warm_nights,40706,Tabriz,1991-2007,2008-2024,32.0,51.88235294117647,19.88235294117647,increase,True
warm_nights,40708,Ardebil,1991-2007,2008-2024,33.11764705882353,69.94117647058823,36.8235294117647,increase,True
warm_nights,40709,Astara,1991-2007,2008-2024,32.411764705882355,71.94117647058823,39.52941176470588,increase,True
warm_nights,40710,Sarab,1991-2007,2008-2024,34.1764705882353,59.8235294117647,25.647058823529406,increase,True
warm_nights,40712,Orumiyeh,1991-2007,2008-2024,31.88235294117647,45.705882352941174,13.823529411764703,increase,True
warm_nights,40713,Maragheh-Synoptic,1991-2007,2008-2024,32.411764705882355,69.88235294117646,37.47058823529411,increase,True
warm_nights,40716,Mianeh,1991-2007,2008-2024,31.529411764705884,69.6470588235294,38.11764705882352,increase,True
warm_nights,40717,Khalkhal,1991-2007,2008-2024,34.05882352941177,66.88235294117646,32.823529411764696,increase,True
warm_nights,40718,Bandar-E-Anzali,1991-2007,2008-2024,30.176470588235293,63.529411764705884,33.352941176470594,increase,True
warm_nights,40719,Rasht,1991-2007,2008-2024,31.647058823529413,82.29411764705883,50.64705882352941,increase,True
warm_nights,40723,Bojnurd,1991-2007,2008-2024,33.11764705882353,56.588235294117645,23.470588235294116,increase,True
warm_nights,40724,Piranshahr,1991-2007,2008-2024,31.235294117647058,84.94117647058823,53.705882352941174,increase,True
warm_nights,40726,Mahabad,1991-2007,2008-2024,33.294117647058826,62.23529411764706,28.941176470588232,increase,True
warm_nights,40727,Saqez,1991-2007,2008-2024,32.411764705882355,63.0,30.588235294117645,increase,True
warm_nights,40728,Takab,1991-2007,2008-2024,32.8235294117647,55.94117647058823,23.11764705882353,increase,True
warm_nights,40729,Zanjan,1991-2007,2008-2024,33.64705882352941,68.05882352941177,34.411764705882355,increase,True
warm_nights,40730,Khorramdareh,1991-2007,2008-2024,32.588235294117645,71.76470588235294,39.1764705882353,increase,True
warm_nights,40731,Qazvin,1991-2007,2008-2024,33.411764705882355,57.0,23.588235294117645,increase,True
warm_nights,40732,Ramsar,1991-2007,2008-2024,32.470588235294116,83.17647058823529,50.705882352941174,increase,True
warm_nights,40734,Nowshahr,1991-2007,2008-2024,32.411764705882355,83.23529411764706,50.8235294117647,increase,True
warm_nights,40736,Babolsar,1991-2007,2008-2024,31.470588235294116,72.88235294117646,41.41176470588235,increase,True
warm_nights,40737,Gharakhil,1991-2007,2008-2024,32.1764705882353,58.94117647058823,26.764705882352935,increase,True
warm_nights,40738,Gorgan,1991-2007,2008-2024,32.1764705882353,41.529411764705884,9.352941176470587,increase,True
warm_nights,40739,Shahrud,1991-2007,2008-2024,33.64705882352941,44.11764705882353,10.470588235294116,increase,True
warm_nights,40740,Quchan,1991-2007,2008-2024,33.588235294117645,27.41176470588235,-6.1764705882352935,increase,False
warm_nights,40741,Sarakhs,1991-2007,2008-2024,33.94117647058823,58.588235294117645,24.647058823529413,increase,True
warm_nights,40742,Biyarjomand,1991-2007,2008-2024,34.0625,47.64705882352941,13.584558823529413,increase,True
warm_nights,40743,Sabzevar,1991-2007,2008-2024,33.588235294117645,57.529411764705884,23.94117647058824,increase,True
warm_nights,40744,Golmakan,1991-2007,2008-2024,35.266666666666666,61.8235294117647,26.556862745098037,increase,True
warm_nights,40745,Mashhad,1991-2007,2008-2024,33.705882352941174,71.11764705882354,37.41176470588236,increase,True
warm_nights,40746,Neyshabur,1991-2007,2008-2024,34.411764705882355,47.76470588235294,13.352941176470587,increase,True
warm_nights,40747,Sanandaj,1991-2007,2008-2024,32.8235294117647,52.05882352941177,19.235294117647065,increase,True
warm_nights,40748,Bijar,1991-2007,2008-2024,32.529411764705884,69.05882352941177,36.529411764705884,increase,True
warm_nights,40749,Zarrineh,1991-2007,2008-2024,33.470588235294116,57.11764705882353,23.647058823529413,increase,True
warm_nights,40751,Tehran (Shemiran),1991-2007,2008-2024,31.823529411764707,50.23529411764706,18.41176470588235,increase,True
warm_nights,40752,Karaj,1991-2007,2008-2024,34.1764705882353,56.35294117647059,22.17647058823529,increase,True
warm_nights,40754,Tehran (Mehrabad Airport),1991-2007,2008-2024,32.529411764705884,37.588235294117645,5.058823529411761,increase,True
warm_nights,40755,Abali,1991-2007,2008-2024,31.764705882352942,46.294117647058826,14.529411764705884,increase,True
warm_nights,40757,Semnan,1991-2007,2008-2024,31.764705882352942,48.1764705882353,16.411764705882355,increase,True
warm_nights,40758,Garmsar,1991-2007,2008-2024,32.88235294117647,117.52941176470588,84.64705882352942,increase,True
warm_nights,40762,Torbat-E Heydariyeh,1991-2007,2008-2024,34.0,57.35294117647059,23.352941176470587,increase,True
warm_nights,40763,Kashmar,1991-2007,2008-2024,34.64705882352941,55.88235294117647,21.235294117647058,increase,True
warm_nights,40764,Ravansar,1991-2007,2008-2024,32.94117647058823,54.35294117647059,21.411764705882355,increase,True
warm_nights,40765,Sarpol-E-Zahab,1991-2007,2008-2024,33.35294117647059,66.52941176470588,33.1764705882353,increase,True
warm_nights,40766,Kermanshah,1991-2007,2008-2024,33.588235294117645,56.23529411764706,22.647058823529413,increase,True
warm_nights,40768,Hamedan (Airport),1991-2007,2008-2024,32.294117647058826,49.529411764705884,17.235294117647058,increase,True
warm_nights,40769,Arak,1991-2007,2008-2024,31.88235294117647,52.94117647058823,21.05882352941176,increase,True
warm_nights,40770,Qom,1991-2007,2008-2024,32.35294117647059,64.88235294117646,32.52941176470588,increase,True
warm_nights,40771,Kangavar,1991-2007,2008-2024,33.35294117647059,52.0,18.647058823529413,increase,True
warm_nights,40772,Qorveh,1991-2007,2008-2024,33.588235294117645,77.23529411764706,43.64705882352941,increase,True
warm_nights,40774,Borujerd,1991-2007,2008-2024,33.05882352941177,81.3529411764706,48.294117647058826,increase,True
warm_nights,40778,Gonabad,1991-2007,2008-2024,34.11764705882353,61.23529411764706,27.11764705882353,increase,True
warm_nights,40779,Eslamabad-E-Gharb,1991-2007,2008-2024,33.35294117647059,58.64705882352941,25.294117647058826,increase,True
warm_nights,40780,Ilam,1991-2007,2008-2024,33.588235294117645,24.823529411764707,-8.764705882352938,increase,False
warm_nights,40782,Khorramabad,1991-2007,2008-2024,33.588235294117645,57.11764705882353,23.529411764705884,increase,True
warm_nights,40783,Aligudarz,1991-2007,2008-2024,33.529411764705884,62.35294117647059,28.823529411764703,increase,True
warm_nights,40785,Kashan,1991-2007,2008-2024,31.352941176470587,68.0,36.64705882352941,increase,True
warm_nights,40787,Daran,1991-2007,2008-2024,32.125,53.23529411764706,21.110294117647058,increase,True
warm_nights,40789,Khur-Va-Biabanak,1991-2007,2008-2024,33.88235294117647,76.17647058823529,42.29411764705882,increase,True
warm_nights,40790,Robat-E-Poshtebadam,1991-2007,2008-2024,34.875,46.94117647058823,12.066176470588232,increase,True
warm_nights,40791,Tabas,1991-2007,2008-2024,32.705882352941174,67.41176470588235,34.705882352941174,increase,True
warm_nights,40792,Ferdows,1991-2007,2008-2024,33.705882352941174,79.6470588235294,45.94117647058823,increase,True
warm_nights,40793,Qaen,1991-2007,2008-2024,34.470588235294116,65.41176470588235,30.941176470588232,increase,True
warm_nights,40794,Safiabad (Dezful),1991-2007,2008-2024,34.529411764705884,64.17647058823529,29.647058823529406,increase,True
warm_nights,40796,Dehloran,1991-2007,2008-2024,32.529411764705884,64.76470588235294,32.23529411764706,increase,True
warm_nights,40797,Kuhrang,1991-2007,2008-2024,31.764705882352942,51.23529411764706,19.470588235294116,increase,True
warm_nights,40798,Shahrekord,1991-2007,2008-2024,33.76470588235294,31.823529411764707,-1.9411764705882355,increase,False
warm_nights,40799,Ardestan,1991-2007,2008-2024,33.25,55.76470588235294,22.514705882352942,increase,True
warm_nights,40800,Esfahan,1991-2007,2008-2024,31.375,67.82352941176471,36.44852941176471,increase,True
warm_nights,40801,Naein,1991-2007,2008-2024,33.1875,56.0,22.8125,increase,True
warm_nights,40802,Esfahan (Airport),1991-2007,2008-2024,33.588235294117645,43.35294117647059,9.764705882352942,increase,True
warm_nights,40803,Kabutarabad,1991-2007,2008-2024,34.3125,76.94117647058823,42.62867647058823,increase,True
warm_nights,40809,Birjand,1991-2007,2008-2024,35.11764705882353,47.411764705882355,12.294117647058826,increase,True
warm_nights,40810,Bostan,1991-2007,2008-2024,34.23529411764706,90.52941176470588,56.294117647058826,increase,True
warm_nights,40811,Ahvaz,1991-2007,2008-2024,33.05882352941177,74.58823529411765,41.529411764705884,increase,True
warm_nights,40812,Masjedsoleyman,1991-2007,2008-2024,32.23529411764706,63.88235294117647,31.647058823529413,increase,True
warm_nights,40813,Ramhormoz,1991-2007,2008-2024,31.705882352941178,79.76470588235294,48.05882352941177,increase,True
warm_nights,40818,Abadeh,1991-2007,2008-2024,32.76470588235294,72.82352941176471,40.05882352941177,increase,True
warm_nights,40821,Yazd,1991-2007,2008-2024,33.88235294117647,79.17647058823529,45.29411764705882,increase,True
warm_nights,40827,Nehbandan,1991-2007,2008-2024,33.64705882352941,46.411764705882355,12.764705882352942,increase,True
warm_nights,40829,Zabol,1991-2007,2008-2024,32.64705882352941,68.3529411764706,35.70588235294118,increase,True
warm_nights,40831,Abadan,1991-2007,2008-2024,35.23529411764706,92.41176470588235,57.17647058823529,increase,True
warm_nights,40832,Bandar-E- Mahshahr,1991-2007,2008-2024,32.470588235294116,77.29411764705883,44.82352941176471,increase,True
warm_nights,40833,Omidiyeh (Aghajari),1991-2007,2008-2024,34.125,70.58823529411765,36.46323529411765,increase,True
warm_nights,40835,Dogonbadan,1991-2007,2008-2024,33.8125,57.5625,23.75,increase,True
warm_nights,40836,Yasuj,1991-2007,2008-2024,32.88235294117647,31.5625,-1.319852941176471,increase,False
warm_nights,40839,Anar,1991-2007,2008-2024,33.705882352941174,58.705882352941174,25.0,increase,True
warm_nights,40841,Kerman,1991-2007,2008-2024,33.1764705882353,56.23529411764706,23.05882352941176,increase,True
warm_nights,40844,Dorudzan,1991-2007,2008-2024,29.764705882352942,24.88235294117647,-4.882352941176471,increase,False
warm_nights,40847,Zarqan,1991-2007,2008-2024,34.88235294117647,81.82352941176471,46.94117647058824,increase,True
warm_nights,40848,Shiraz,1991-2007,2008-2024,31.88235294117647,26.705882352941178,-5.1764705882352935,increase,False
warm_nights,40849,Shahrebabak,1991-2007,2008-2024,32.588235294117645,43.1764705882353,10.588235294117652,increase,True
warm_nights,40851,Sirjan,1991-2007,2008-2024,33.411764705882355,56.88235294117647,23.470588235294116,increase,True
warm_nights,40853,Baft,1991-2007,2008-2024,31.058823529411764,70.76470588235294,39.705882352941174,increase,True
warm_nights,40854,Bam,1991-2007,2008-2024,33.05882352941177,76.58823529411765,43.529411764705884,increase,True
warm_nights,40856,Zahedan,1991-2007,2008-2024,34.88235294117647,52.11764705882353,17.235294117647058,increase,True
warm_nights,40857,Bushehr (Coastal),1991-2007,2008-2024,32.294117647058826,68.41176470588235,36.11764705882352,increase,True
warm_nights,40858,Bushehr (Airport),1991-2007,2008-2024,30.705882352941178,83.52941176470588,52.82352941176471,increase,True
warm_nights,40859,Fasa,1991-2007,2008-2024,32.470588235294116,91.52941176470588,59.05882352941177,increase,True
warm_nights,40870,Khash,1991-2007,2008-2024,34.76470588235294,57.11764705882353,22.352941176470587,increase,True
warm_nights,40873,Lar,1991-2007,2008-2024,31.764705882352942,67.6470588235294,35.882352941176464,increase,True
warm_nights,40875,Bandarabbas,1991-2007,2008-2024,31.294117647058822,53.64705882352941,22.35294117647059,increase,True
warm_nights,40876,Minab,1991-2007,2008-2024,31.88235294117647,61.529411764705884,29.647058823529413,increase,True
warm_nights,40877,Kahnuj,1991-2007,2008-2024,31.0,58.705882352941174,27.705882352941174,increase,True
warm_nights,40878,Saravan,1991-2007,2008-2024,33.1764705882353,48.588235294117645,15.411764705882348,increase,True
warm_nights,40879,Iranshahr,1991-2007,2008-2024,31.41176470588235,53.23529411764706,21.823529411764707,increase,True
warm_nights,40882,Kish Island,1991-2007,2008-2024,30.529411764705884,63.94117647058823,33.41176470588235,increase,True
warm_nights,40883,Bandar-E-Lengeh,1991-2007,2008-2024,32.529411764705884,39.470588235294116,6.941176470588232,increase,True
warm_nights,40889,Siri Island,1991-2007,2008-2024,29.0,54.1764705882353,25.176470588235297,increase,True
warm_nights,40890,Abumusa Island,1991-2007,2008-2024,30.294117647058822,45.88235294117647,15.588235294117649,increase,True
warm_nights,40893,Jask,1991-2007,2008-2024,30.470588235294116,50.35294117647059,19.88235294117647,increase,True
warm_nights,40898,Chahbahar,1991-2007,2008-2024,32.11764705882353,89.41176470588235,57.29411764705882,increase,True
warm_nights,88187,Jam,1991-2007,2008-2024,32.5,76.11764705882354,43.617647058823536,increase,True
warm_nights,99331,Tehran (Geophysic),1991-2007,2008-2024,31.941176470588236,31.176470588235293,-0.764705882352942,increase,False
warm_nights,99407,Boshruyeh,1991-2007,2008-2024,33.705882352941174,63.705882352941174,30.0,increase,True
warm_nights,99421,Natanz,1991-2007,2008-2024,33.0,57.294117647058826,24.294117647058826,increase,True
warm_nights,99459,Borujen,1991-2007,2008-2024,33.705882352941174,66.6470588235294,32.94117647058823,increase,True
warm_nights,99623,Zahak,1991-2007,2008-2024,33.46666666666667,55.0,21.53333333333333,increase,True
cool_days,19996,Bahookalat,1991-2007,2008-2024,30.176470588235293,22.714285714285715,-7.462184873949578,decrease,True
cool_days,40700,Parsabad,1991-2007,2008-2024,34.05882352941177,33.11764705882353,-0.9411764705882391,decrease,True
cool_days,40701,Maku,1991-2007,2008-2024,34.705882352941174,23.352941176470587,-11.352941176470587,decrease,True
cool_days,40702,Jolfa,1991-2007,2008-2024,34.76470588235294,25.764705882352942,-9.0,decrease,True
cool_days,40703,Khoy,1991-2007,2008-2024,34.529411764705884,23.823529411764707,-10.705882352941178,decrease,True
cool_days,40704,Ahar,1991-2007,2008-2024,35.0,25.294117647058822,-9.705882352941178,decrease,True
cool_days,40706,Tabriz,1991-2007,2008-2024,33.411764705882355,25.705882352941178,-7.7058823529411775,decrease,True
cool_days,40708,Ardebil,1991-2007,2008-2024,34.94117647058823,25.235294117647058,-9.705882352941174,decrease,True
cool_days,40709,Astara,1991-2007,2008-2024,34.294117647058826,26.0,-8.294117647058826,decrease,True
cool_days,40710,Sarab,1991-2007,2008-2024,34.294117647058826,28.705882352941178,-5.5882352941176485,decrease,True
cool_days,40712,Orumiyeh,1991-2007,2008-2024,34.529411764705884,21.705882352941178,-12.823529411764707,decrease,True
cool_days,40713,Maragheh-Synoptic,1991-2007,2008-2024,33.8235294117647,16.294117647058822,-17.52941176470588,decrease,True
cool_days,40716,Mianeh,1991-2007,2008-2024,35.294117647058826,19.058823529411764,-16.23529411764706,decrease,True
cool_days,40717,Khalkhal,1991-2007,2008-2024,34.411764705882355,22.0,-12.411764705882355,decrease,True
cool_days,40718,Bandar-E-Anzali,1991-2007,2008-2024,32.529411764705884,24.352941176470587,-8.176470588235297,decrease,True
cool_days,40719,Rasht,1991-2007,2008-2024,34.529411764705884,27.764705882352942,-6.764705882352942,decrease,True
cool_days,40723,Bojnurd,1991-2007,2008-2024,34.05882352941177,26.470588235294116,-7.588235294117652,decrease,True
cool_days,40724,Piranshahr,1991-2007,2008-2024,33.529411764705884,22.058823529411764,-11.47058823529412,decrease,True
cool_days,40726,Mahabad,1991-2007,2008-2024,34.05882352941177,22.529411764705884,-11.529411764705884,decrease,True
cool_days,40727,Saqez,1991-2007,2008-2024,33.1764705882353,21.705882352941178,-11.47058823529412,decrease,True
cool_days,40728,Takab,1991-2007,2008-2024,33.588235294117645,19.41176470588235,-14.176470588235293,decrease,True
cool_days,40729,Zanjan,1991-2007,2008-2024,33.64705882352941,17.470588235294116,-16.176470588235297,decrease,True
cool_days,40730,Khorramdareh,1991-2007,2008-2024,35.588235294117645,25.58823529411765,-9.999999999999996,decrease,True
cool_days,40731,Qazvin,1991-2007,2008-2024,34.64705882352941,21.764705882352942,-12.882352941176471,decrease,True
cool_days,40732,Ramsar,1991-2007,2008-2024,33.94117647058823,25.235294117647058,-8.705882352941174,decrease,True
cool_days,40734,Nowshahr,1991-2007,2008-2024,33.88235294117647,25.0,-8.882352941176471,decrease,True
cool_days,40736,Babolsar,1991-2007,2008-2024,34.294117647058826,25.235294117647058,-9.058823529411768,decrease,True
cool_days,40737,Gharakhil,1991-2007,2008-2024,33.88235294117647,27.11764705882353,-6.764705882352942,decrease,True
cool_days,40738,Gorgan,1991-2007,2008-2024,35.0,24.352941176470587,-10.647058823529413,decrease,True
cool_days,40739,Shahrud,1991-2007,2008-2024,34.23529411764706,27.0,-7.235294117647058,decrease,True
cool_days,40740,Quchan,1991-2007,2008-2024,34.35294117647059,32.1764705882353,-2.17647058823529,decrease,True
cool_days,40741,Sarakhs,1991-2007,2008-2024,34.470588235294116,25.58823529411765,-8.882352941176467,decrease,True
cool_days,40742,Biyarjomand,1991-2007,2008-2024,35.0,27.88235294117647,-7.117647058823529,decrease,True
cool_days,40743,Sabzevar,1991-2007,2008-2024,34.88235294117647,27.58823529411765,-7.2941176470588225,decrease,True
cool_days,40744,Golmakan,1991-2007,2008-2024,33.333333333333336,27.41176470588235,-5.921568627450984,decrease,True
cool_days,40745,Mashhad,1991-2007,2008-2024,34.705882352941174,28.294117647058822,-6.4117647058823515,decrease,True
cool_days,40746,Neyshabur,1991-2007,2008-2024,34.88235294117647,27.0,-7.882352941176471,decrease,True
cool_days,40747,Sanandaj,1991-2007,2008-2024,33.64705882352941,18.88235294117647,-14.764705882352942,decrease,True
cool_days,40748,Bijar,1991-2007,2008-2024,34.35294117647059,18.823529411764707,-15.52941176470588,decrease,True
cool_days,40749,Zarrineh,1991-2007,2008-2024,33.64705882352941,17.176470588235293,-16.47058823529412,decrease,True
cool_days,40751,Tehran (Shemiran),1991-2007,2008-2024,33.470588235294116,18.294117647058822,-15.176470588235293,decrease,True
cool_days,40752,Karaj,1991-2007,2008-2024,34.05882352941177,21.0,-13.058823529411768,decrease,True
cool_days,40754,Tehran (Mehrabad Airport),1991-2007,2008-2024,33.05882352941177,28.470588235294116,-4.588235294117652,decrease,True
cool_days,40755,Abali,1991-2007,2008-2024,34.588235294117645,21.529411764705884,-13.058823529411761,decrease,True
cool_days,40757,Semnan,1991-2007,2008-2024,34.05882352941177,22.352941176470587,-11.705882352941181,decrease,True
cool_days,40758,Garmsar,1991-2007,2008-2024,33.88235294117647,30.941176470588236,-2.9411764705882355,decrease,True
cool_days,40762,Torbat-E Heydariyeh,1991-2007,2008-2024,34.11764705882353,23.11764705882353,-11.0,decrease,True
cool_days,40763,Kashmar,1991-2007,2008-2024,33.588235294117645,25.235294117647058,-8.352941176470587,decrease,True
cool_days,40764,Ravansar,1991-2007,2008-2024,33.0,22.0,-11.0,decrease,True
cool_days,40765,Sarpol-E-Zahab,1991-2007,2008-2024,33.64705882352941,20.941176470588236,-12.705882352941178,decrease,True
cool_days,40766,Kermanshah,1991-2007,2008-2024,34.294117647058826,27.58823529411765,-6.7058823529411775,decrease,True
cool_days,40768,Hamedan (Airport),1991-2007,2008-2024,33.94117647058823,19.705882352941178,-14.235294117647054,decrease,True
cool_days,40769,Arak,1991-2007,2008-2024,33.1764705882353,21.294117647058822,-11.882352941176475,decrease,True
cool_days,40770,Qom,1991-2007,2008-2024,33.64705882352941,21.058823529411764,-12.588235294117649,decrease,True
cool_days,40771,Kangavar,1991-2007,2008-2024,33.588235294117645,21.470588235294116,-12.117647058823529,decrease,True
cool_days,40772,Qorveh,1991-2007,2008-2024,34.94117647058823,18.823529411764707,-16.117647058823525,decrease,True
cool_days,40774,Borujerd,1991-2007,2008-2024,32.529411764705884,20.529411764705884,-12.0,decrease,True
cool_days,40778,Gonabad,1991-2007,2008-2024,34.76470588235294,23.235294117647058,-11.529411764705884,decrease,True
cool_days,40779,Eslamabad-E-Gharb,1991-2007,2008-2024,33.705882352941174,24.41176470588235,-9.294117647058822,decrease,True
cool_days,40780,Ilam,1991-2007,2008-2024,33.470588235294116,14.058823529411764,-19.41176470588235,decrease,True
cool_days,40782,Khorramabad,1991-2007,2008-2024,32.705882352941174,20.647058823529413,-12.058823529411761,decrease,True
cool_days,40783,Aligudarz,1991-2007,2008-2024,33.8235294117647,20.0,-13.823529411764703,decrease,True
cool_days,40785,Kashan,1991-2007,2008-2024,33.588235294117645,24.41176470588235,-9.176470588235293,decrease,True
cool_days,40787,Daran,1991-2007,2008-2024,33.75,20.941176470588236,-12.808823529411764,decrease,True
cool_days,40789,Khur-Va-Biabanak,1991-2007,2008-2024,34.411764705882355,25.41176470588235,-9.000000000000004,decrease,True
cool_days,40790,Robat-E-Poshtebadam,1991-2007,2008-2024,35.375,28.764705882352942,-6.610294117647058,decrease,True
cool_days,40791,Tabas,1991-2007,2008-2024,34.8235294117647,22.176470588235293,-12.64705882352941,decrease,True
cool_days,40792,Ferdows,1991-2007,2008-2024,34.529411764705884,32.411764705882355,-2.117647058823529,decrease,True
cool_days,40793,Qaen,1991-2007,2008-2024,34.23529411764706,21.941176470588236,-12.294117647058822,decrease,True
cool_days,40794,Safiabad (Dezful),1991-2007,2008-2024,32.529411764705884,21.11764705882353,-11.411764705882355,decrease,True
cool_days,40796,Dehloran,1991-2007,2008-2024,32.294117647058826,15.588235294117647,-16.70588235294118,decrease,True
cool_days,40797,Kuhrang,1991-2007,2008-2024,33.23529411764706,15.352941176470589,-17.88235294117647,decrease,True
cool_days,40798,Shahrekord,1991-2007,2008-2024,33.411764705882355,20.58823529411765,-12.823529411764707,decrease,True
cool_days,40799,Ardestan,1991-2007,2008-2024,35.3125,26.941176470588236,-8.371323529411764,decrease,True
cool_days,40800,Esfahan,1991-2007,2008-2024,33.375,21.647058823529413,-11.727941176470587,decrease,True
cool_days,40801,Naein,1991-2007,2008-2024,34.75,30.58823529411765,-4.1617647058823515,decrease,True
cool_days,40802,Esfahan (Airport),1991-2007,2008-2024,33.1764705882353,26.352941176470587,-6.82352941176471,decrease,True
cool_days,40803,Kabutarabad,1991-2007,2008-2024,34.4375,22.0,-12.4375,decrease,True
cool_days,40809,Birjand,1991-2007,2008-2024,34.1764705882353,25.764705882352942,-8.411764705882355,decrease,True
cool_days,40810,Bostan,1991-2007,2008-2024,33.411764705882355,17.529411764705884,-15.882352941176471,decrease,True
cool_days,40811,Ahvaz,1991-2007,2008-2024,32.88235294117647,21.764705882352942,-11.117647058823529,decrease,True
cool_days,40812,Masjedsoleyman,1991-2007,2008-2024,31.647058823529413,20.176470588235293,-11.47058823529412,decrease,True
cool_days,40813,Ramhormoz,1991-2007,2008-2024,33.0,18.176470588235293,-14.823529411764707,decrease,True
cool_days,40818,Abadeh,1991-2007,2008-2024,33.11764705882353,32.294117647058826,-0.823529411764703,decrease,True
cool_days,40821,Yazd,1991-2007,2008-2024,34.64705882352941,28.764705882352942,-5.882352941176471,decrease,True
cool_days,40827,Nehbandan,1991-2007,2008-2024,33.76470588235294,22.058823529411764,-11.705882352941178,decrease,True
cool_days,40829,Zabol,1991-2007,2008-2024,33.8235294117647,21.0,-12.823529411764703,decrease,True
cool_days,40831,Abadan,1991-2007,2008-2024,33.88235294117647,18.352941176470587,-15.529411764705884,decrease,True
cool_days,40832,Bandar-E- Mahshahr,1991-2007,2008-2024,33.05882352941177,22.294117647058822,-10.764705882352946,decrease,True
cool_days,40833,Omidiyeh (Aghajari),1991-2007,2008-2024,33.294117647058826,21.0,-12.294117647058826,decrease,True
cool_days,40835,Dogonbadan,1991-2007,2008-2024,32.4375,19.4375,-13.0,decrease,True
cool_days,40836,Yasuj,1991-2007,2008-2024,33.05882352941177,20.9375,-12.121323529411768,decrease,True
cool_days,40839,Anar,1991-2007,2008-2024,32.8235294117647,27.529411764705884,-5.294117647058819,decrease,True
cool_days,40841,Kerman,1991-2007,2008-2024,33.705882352941174,29.058823529411764,-4.6470588235294095,decrease,True
cool_days,40844,Dorudzan,1991-2007,2008-2024,33.05882352941177,21.823529411764707,-11.235294117647062,decrease,True
cool_days,40847,Zarqan,1991-2007,2008-2024,32.8235294117647,18.352941176470587,-14.470588235294116,decrease,True
cool_days,40848,Shiraz,1991-2007,2008-2024,32.588235294117645,21.705882352941178,-10.882352941176467,decrease,True
cool_days,40849,Shahrebabak,1991-2007,2008-2024,34.0,25.058823529411764,-8.941176470588236,decrease,True
cool_days,40851,Sirjan,1991-2007,2008-2024,33.0,30.823529411764707,-2.1764705882352935,decrease,True
cool_days,40853,Baft,1991-2007,2008-2024,32.294117647058826,26.88235294117647,-5.411764705882355,decrease,True
cool_days,40854,Bam,1991-2007,2008-2024,34.411764705882355,21.41176470588235,-13.000000000000004,decrease,True
cool_days,40856,Zahedan,1991-2007,2008-2024,34.8235294117647,25.235294117647058,-9.588235294117645,decrease,True
cool_days,40857,Bushehr (Coastal),1991-2007,2008-2024,31.11764705882353,9.647058823529411,-21.470588235294116,decrease,True
cool_days,40858,Bushehr (Airport),1991-2007,2008-2024,29.705882352941178,23.058823529411764,-6.647058823529413,decrease,True
cool_days,40859,Fasa,1991-2007,2008-2024,32.05882352941177,26.235294117647058,-5.82352941176471,decrease,True
cool_days,40870,Khash,1991-2007,2008-2024,33.64705882352941,23.941176470588236,-9.705882352941178,decrease,True
cool_days,40873,Lar,1991-2007,2008-2024,31.823529411764707,22.352941176470587,-9.47058823529412,decrease,True
cool_days,40875,Bandarabbas,1991-2007,2008-2024,32.35294117647059,19.941176470588236,-12.411764705882351,decrease,True
cool_days,40876,Minab,1991-2007,2008-2024,31.941176470588236,14.882352941176471,-17.058823529411764,decrease,True
cool_days,40877,Kahnuj,1991-2007,2008-2024,32.94117647058823,29.294117647058822,-3.6470588235294095,decrease,True
cool_days,40878,Saravan,1991-2007,2008-2024,34.23529411764706,26.58823529411765,-7.6470588235294095,decrease,True
cool_days,40879,Iranshahr,1991-2007,2008-2024,33.294117647058826,25.294117647058822,-8.000000000000004,decrease,True
cool_days,40882,Kish Island,1991-2007,2008-2024,29.941176470588236,16.705882352941178,-13.235294117647058,decrease,True
cool_days,40883,Bandar-E-Lengeh,1991-2007,2008-2024,32.64705882352941,11.647058823529411,-21.0,decrease,True
cool_days,40889,Siri Island,1991-2007,2008-2024,31.647058823529413,14.235294117647058,-17.411764705882355,decrease,True
cool_days,40890,Abumusa Island,1991-2007,2008-2024,30.705882352941178,10.705882352941176,-20.0,decrease,True
cool_days,40893,Jask,1991-2007,2008-2024,31.941176470588236,17.58823529411765,-14.352941176470587,decrease,True
cool_days,40898,Chahbahar,1991-2007,2008-2024,31.294117647058822,19.823529411764707,-11.470588235294116,decrease,True
cool_days,88187,Jam,1991-2007,2008-2024,33.375,20.58823529411765,-12.786764705882351,decrease,True
cool_days,99331,Tehran (Geophysic),1991-2007,2008-2024,33.94117647058823,18.25,-15.691176470588232,decrease,True
cool_days,99407,Boshruyeh,1991-2007,2008-2024,34.11764705882353,27.647058823529413,-6.470588235294116,decrease,True
cool_days,99421,Natanz,1991-2007,2008-2024,33.9375,23.823529411764707,-10.113970588235293,decrease,True
cool_days,99459,Borujen,1991-2007,2008-2024,33.0,18.294117647058822,-14.705882352941178,decrease,True
cool_days,99623,Zahak,1991-2007,2008-2024,33.4,25.11764705882353,-8.28235294117647,decrease,True
cool_nights,19996,Bahookalat,1991-2007,2008-2024,28.941176470588236,23.066666666666666,-5.874509803921569,decrease,True
cool_nights,40700,Parsabad,1991-2007,2008-2024,31.647058823529413,31.352941176470587,-0.29411764705882604,decrease,True
cool_nights,40701,Maku,1991-2007,2008-2024,32.05882352941177,21.41176470588235,-10.647058823529417,decrease,True
cool_nights,40702,Jolfa,1991-2007,2008-2024,31.0,21.529411764705884,-9.470588235294116,decrease,True
cool_nights,40703,Khoy,1991-2007,2008-2024,31.941176470588236,18.941176470588236,-13.0,decrease,True
cool_nights,40704,Ahar,1991-2007,2008-2024,32.88235294117647,25.176470588235293,-7.7058823529411775,decrease,True
cool_nights,40706,Tabriz,1991-2007,2008-2024,33.0,35.76470588235294,2.764705882352942,decrease,False
cool_nights,40708,Ardebil,1991-2007,2008-2024,33.411764705882355,16.941176470588236,-16.47058823529412,decrease,True
cool_nights,40709,Astara,1991-2007,2008-2024,33.1764705882353,27.235294117647058,-5.941176470588239,decrease,True
cool_nights,40710,Sarab,1991-2007,2008-2024,33.05882352941177,24.764705882352942,-8.294117647058826,decrease,True
cool_nights,40712,Orumiyeh,1991-2007,2008-2024,32.23529411764706,37.705882352941174,5.470588235294116,decrease,False
cool_nights,40713,Maragheh-Synoptic,1991-2007,2008-2024,32.411764705882355,23.58823529411765,-8.823529411764707,decrease,True
cool_nights,40716,Mianeh,1991-2007,2008-2024,32.35294117647059,17.294117647058822,-15.058823529411764,decrease,True
cool_nights,40717,Khalkhal,1991-2007,2008-2024,33.705882352941174,17.529411764705884,-16.17647058823529,decrease,True
cool_nights,40718,Bandar-E-Anzali,1991-2007,2008-2024,31.0,26.470588235294116,-4.529411764705884,decrease,True
cool_nights,40719,Rasht,1991-2007,2008-2024,33.11764705882353,19.11764705882353,-14.0,decrease,True
cool_nights,40723,Bojnurd,1991-2007,2008-2024,32.88235294117647,35.05882352941177,2.176470588235297,decrease,False
cool_nights,40724,Piranshahr,1991-2007,2008-2024,30.58823529411765,8.764705882352942,-21.823529411764707,decrease,True
cool_nights,40726,Mahabad,1991-2007,2008-2024,31.88235294117647,23.58823529411765,-8.294117647058822,decrease,True
cool_nights,40727,Saqez,1991-2007,2008-2024,32.88235294117647,17.823529411764707,-15.058823529411764,decrease,True
cool_nights,40728,Takab,1991-2007,2008-2024,32.88235294117647,24.176470588235293,-8.705882352941178,decrease,True
cool_nights,40729,Zanjan,1991-2007,2008-2024,33.76470588235294,16.529411764705884,-17.235294117647058,decrease,True
cool_nights,40730,Khorramdareh,1991-2007,2008-2024,32.88235294117647,17.764705882352942,-15.117647058823529,decrease,True
cool_nights,40731,Qazvin,1991-2007,2008-2024,33.05882352941177,22.176470588235293,-10.882352941176475,decrease,True
cool_nights,40732,Ramsar,1991-2007,2008-2024,33.23529411764706,16.764705882352942,-16.470588235294116,decrease,True
cool_nights,40734,Nowshahr,1991-2007,2008-2024,32.88235294117647,15.176470588235293,-17.705882352941178,decrease,True
cool_nights,40736,Babolsar,1991-2007,2008-2024,33.294117647058826,18.647058823529413,-14.647058823529413,decrease,True
cool_nights,40737,Gharakhil,1991-2007,2008-2024,33.64705882352941,32.94117647058823,-0.7058823529411811,decrease,True
cool_nights,40738,Gorgan,1991-2007,2008-2024,33.23529411764706,53.529411764705884,20.294117647058826,decrease,False
cool_nights,40739,Shahrud,1991-2007,2008-2024,33.76470588235294,34.0,0.235294117647058,decrease,False
cool_nights,40740,Quchan,1991-2007,2008-2024,33.411764705882355,82.11764705882354,48.70588235294118,decrease,False
cool_nights,40741,Sarakhs,1991-2007,2008-2024,33.94117647058823,27.235294117647058,-6.705882352941174,decrease,True
cool_nights,40742,Biyarjomand,1991-2007,2008-2024,33.5625,24.294117647058822,-9.268382352941178,decrease,True
cool_nights,40743,Sabzevar,1991-2007,2008-2024,34.76470588235294,22.352941176470587,-12.411764705882355,decrease,True
cool_nights,40744,Golmakan,1991-2007,2008-2024,32.733333333333334,26.764705882352942,-5.968627450980392,decrease,True
cool_nights,40745,Mashhad,1991-2007,2008-2024,34.411764705882355,23.41176470588235,-11.000000000000004,decrease,True
cool_nights,40746,Neyshabur,1991-2007,2008-2024,33.88235294117647,37.0,3.117647058823529,decrease,False
cool_nights,40747,Sanandaj,1991-2007,2008-2024,31.58823529411765,19.941176470588236,-11.647058823529413,decrease,True
cool_nights,40748,Bijar,1991-2007,2008-2024,32.588235294117645,20.529411764705884,-12.058823529411761,decrease,True
cool_nights,40749,Zarrineh,1991-2007,2008-2024,32.23529411764706,27.88235294117647,-4.352941176470587,decrease,True
cool_nights,40751,Tehran (Shemiran),1991-2007,2008-2024,32.588235294117645,22.11764705882353,-10.470588235294116,decrease,True
cool_nights,40752,Karaj,1991-2007,2008-2024,33.1764705882353,23.764705882352942,-9.411764705882355,decrease,True
cool_nights,40754,Tehran (Mehrabad Airport),1991-2007,2008-2024,33.588235294117645,26.41176470588235,-7.1764705882352935,decrease,True
cool_nights,40755,Abali,1991-2007,2008-2024,33.23529411764706,31.176470588235293,-2.0588235294117645,decrease,True
cool_nights,40757,Semnan,1991-2007,2008-2024,33.64705882352941,26.764705882352942,-6.882352941176471,decrease,True
cool_nights,40758,Garmsar,1991-2007,2008-2024,32.705882352941174,9.0,-23.705882352941174,decrease,True
cool_nights,40762,Torbat-E Heydariyeh,1991-2007,2008-2024,35.411764705882355,26.352941176470587,-9.058823529411768,decrease,True
cool_nights,40763,Kashmar,1991-2007,2008-2024,34.470588235294116,28.58823529411765,-5.8823529411764675,decrease,True
cool_nights,40764,Ravansar,1991-2007,2008-2024,31.941176470588236,16.647058823529413,-15.294117647058822,decrease,True
cool_nights,40765,Sarpol-E-Zahab,1991-2007,2008-2024,32.11764705882353,13.470588235294118,-18.647058823529413,decrease,True
cool_nights,40766,Kermanshah,1991-2007,2008-2024,33.470588235294116,18.352941176470587,-15.117647058823529,decrease,True
cool_nights,40768,Hamedan (Airport),1991-2007,2008-2024,32.35294117647059,26.0,-6.352941176470587,decrease,True
cool_nights,40769,Arak,1991-2007,2008-2024,29.529411764705884,21.176470588235293,-8.35294117647059,decrease,True
cool_nights,40770,Qom,1991-2007,2008-2024,31.529411764705884,18.823529411764707,-12.705882352941178,decrease,True
cool_nights,40771,Kangavar,1991-2007,2008-2024,30.705882352941178,18.352941176470587,-12.35294117647059,decrease,True
cool_nights,40772,Qorveh,1991-2007,2008-2024,32.94117647058823,14.294117647058824,-18.647058823529406,decrease,True
cool_nights,40774,Borujerd,1991-2007,2008-2024,32.0,12.705882352941176,-19.294117647058826,decrease,True
cool_nights,40778,Gonabad,1991-2007,2008-2024,33.88235294117647,26.058823529411764,-7.8235294117647065,decrease,True
cool_nights,40779,Eslamabad-E-Gharb,1991-2007,2008-2024,32.705882352941174,19.823529411764707,-12.882352941176467,decrease,True
cool_nights,40780,Ilam,1991-2007,2008-2024,33.1764705882353,54.23529411764706,21.05882352941176,decrease,False
cool_nights,40782,Khorramabad,1991-2007,2008-2024,31.58823529411765,21.176470588235293,-10.411764705882355,decrease,True
cool_nights,40783,Aligudarz,1991-2007,2008-2024,32.470588235294116,17.58823529411765,-14.882352941176467,decrease,True
cool_nights,40785,Kashan,1991-2007,2008-2024,32.94117647058823,18.058823529411764,-14.882352941176467,decrease,True
cool_nights,40787,Daran,1991-2007,2008-2024,32.8125,22.941176470588236,-9.871323529411764,decrease,True
cool_nights,40789,Khur-Va-Biabanak,1991-2007,2008-2024,33.76470588235294,15.470588235294118,-18.294117647058826,decrease,True
cool_nights,40790,Robat-E-Poshtebadam,1991-2007,2008-2024,34.625,29.705882352941178,-4.9191176470588225,decrease,True
cool_nights,40791,Tabas,1991-2007,2008-2024,32.64705882352941,22.176470588235293,-10.47058823529412,decrease,True
cool_nights,40792,Ferdows,1991-2007,2008-2024,34.23529411764706,16.470588235294116,-17.764705882352942,decrease,True
cool_nights,40793,Qaen,1991-2007,2008-2024,33.0,21.11764705882353,-11.882352941176471,decrease,True
cool_nights,40794,Safiabad (Dezful),1991-2007,2008-2024,33.294117647058826,17.294117647058822,-16.000000000000004,decrease,True
cool_nights,40796,Dehloran,1991-2007,2008-2024,32.411764705882355,20.941176470588236,-11.47058823529412,decrease,True
cool_nights,40797,Kuhrang,1991-2007,2008-2024,32.05882352941177,29.529411764705884,-2.529411764705884,decrease,True
cool_nights,40798,Shahrekord,1991-2007,2008-2024,33.35294117647059,64.70588235294117,31.352941176470587,decrease,False
cool_nights,40799,Ardestan,1991-2007,2008-2024,34.5625,22.941176470588236,-11.621323529411764,decrease,True
cool_nights,40800,Esfahan,1991-2007,2008-2024,33.125,17.764705882352942,-15.360294117647058,decrease,True
cool_nights,40801,Naein,1991-2007,2008-2024,32.4375,23.941176470588236,-8.496323529411764,decrease,True
cool_nights,40802,Esfahan (Airport),1991-2007,2008-2024,31.529411764705884,57.8235294117647,26.29411764705882,decrease,False
cool_nights,40803,Kabutarabad,1991-2007,2008-2024,33.375,21.352941176470587,-12.022058823529413,decrease,True
cool_nights,40809,Birjand,1991-2007,2008-2024,34.529411764705884,31.11764705882353,-3.411764705882355,decrease,True
cool_nights,40810,Bostan,1991-2007,2008-2024,33.529411764705884,13.294117647058824,-20.235294117647058,decrease,True
cool_nights,40811,Ahvaz,1991-2007,2008-2024,33.470588235294116,25.705882352941178,-7.7647058823529385,decrease,True
cool_nights,40812,Masjedsoleyman,1991-2007,2008-2024,31.58823529411765,20.823529411764707,-10.764705882352942,decrease,True
cool_nights,40813,Ramhormoz,1991-2007,2008-2024,33.411764705882355,16.352941176470587,-17.058823529411768,decrease,True
cool_nights,40818,Abadeh,1991-2007,2008-2024,33.470588235294116,21.58823529411765,-11.882352941176467,decrease,True
cool_nights,40821,Yazd,1991-2007,2008-2024,33.94117647058823,15.647058823529411,-18.29411764705882,decrease,True
cool_nights,40827,Nehbandan,1991-2007,2008-2024,33.588235294117645,30.058823529411764,-3.5294117647058805,decrease,True
cool_nights,40829,Zabol,1991-2007,2008-2024,32.294117647058826,30.705882352941178,-1.5882352941176485,decrease,True
cool_nights,40831,Abadan,1991-2007,2008-2024,32.94117647058823,15.058823529411764,-17.882352941176467,decrease,True
cool_nights,40832,Bandar-E- Mahshahr,1991-2007,2008-2024,32.411764705882355,16.235294117647058,-16.176470588235297,decrease,True
cool_nights,40833,Omidiyeh (Aghajari),1991-2007,2008-2024,33.5625,16.764705882352942,-16.797794117647058,decrease,True
cool_nights,40835,Dogonbadan,1991-2007,2008-2024,30.8125,23.75,-7.0625,decrease,True
cool_nights,40836,Yasuj,1991-2007,2008-2024,32.05882352941177,39.125,7.066176470588232,decrease,False
cool_nights,40839,Anar,1991-2007,2008-2024,31.705882352941178,20.294117647058822,-11.411764705882355,decrease,True
cool_nights,40841,Kerman,1991-2007,2008-2024,32.88235294117647,19.176470588235293,-13.705882352941178,decrease,True
cool_nights,40844,Dorudzan,1991-2007,2008-2024,31.058823529411764,69.3529411764706,38.294117647058826,decrease,False
cool_nights,40847,Zarqan,1991-2007,2008-2024,32.8235294117647,18.058823529411764,-14.764705882352938,decrease,True
cool_nights,40848,Shiraz,1991-2007,2008-2024,33.705882352941174,58.76470588235294,25.058823529411768,decrease,False
cool_nights,40849,Shahrebabak,1991-2007,2008-2024,32.64705882352941,31.941176470588236,-0.7058823529411775,decrease,True
cool_nights,40851,Sirjan,1991-2007,2008-2024,32.35294117647059,29.88235294117647,-2.470588235294116,decrease,True
cool_nights,40853,Baft,1991-2007,2008-2024,31.823529411764707,14.176470588235293,-17.647058823529413,decrease,True
cool_nights,40854,Bam,1991-2007,2008-2024,33.35294117647059,19.823529411764707,-13.52941176470588,decrease,True
cool_nights,40856,Zahedan,1991-2007,2008-2024,34.76470588235294,26.529411764705884,-8.235294117647058,decrease,True
cool_nights,40857,Bushehr (Coastal),1991-2007,2008-2024,31.058823529411764,14.176470588235293,-16.88235294117647,decrease,True
cool_nights,40858,Bushehr (Airport),1991-2007,2008-2024,29.41176470588235,14.470588235294118,-14.941176470588234,decrease,True
cool_nights,40859,Fasa,1991-2007,2008-2024,30.529411764705884,12.764705882352942,-17.764705882352942,decrease,True
cool_nights,40870,Khash,1991-2007,2008-2024,33.588235294117645,18.705882352941178,-14.882352941176467,decrease,True
cool_nights,40873,Lar,1991-2007,2008-2024,32.8235294117647,18.58823529411765,-14.235294117647054,decrease,True
cool_nights,40875,Bandarabbas,1991-2007,2008-2024,31.941176470588236,30.0,-1.9411764705882355,decrease,True
cool_nights,40876,Minab,1991-2007,2008-2024,33.470588235294116,24.941176470588236,-8.52941176470588,decrease,True
cool_nights,40877,Kahnuj,1991-2007,2008-2024,31.764705882352942,28.0,-3.764705882352942,decrease,True
cool_nights,40878,Saravan,1991-2007,2008-2024,33.76470588235294,22.941176470588236,-10.823529411764707,decrease,True
cool_nights,40879,Iranshahr,1991-2007,2008-2024,32.94117647058823,29.529411764705884,-3.411764705882348,decrease,True
cool_nights,40882,Kish Island,1991-2007,2008-2024,29.941176470588236,7.529411764705882,-22.411764705882355,decrease,True
cool_nights,40883,Bandar-E-Lengeh,1991-2007,2008-2024,31.823529411764707,16.529411764705884,-15.294117647058822,decrease,True
cool_nights,40889,Siri Island,1991-2007,2008-2024,30.0,19.58823529411765,-10.411764705882351,decrease,True
cool_nights,40890,Abumusa Island,1991-2007,2008-2024,31.823529411764707,28.705882352941178,-3.117647058823529,decrease,True
cool_nights,40893,Jask,1991-2007,2008-2024,32.529411764705884,17.941176470588236,-14.588235294117649,decrease,True
cool_nights,40898,Chahbahar,1991-2007,2008-2024,30.176470588235293,10.352941176470589,-19.823529411764703,decrease,True
cool_nights,88187,Jam,1991-2007,2008-2024,32.0625,17.823529411764707,-14.238970588235293,decrease,True
cool_nights,99331,Tehran (Geophysic),1991-2007,2008-2024,32.88235294117647,35.76470588235294,2.882352941176471,decrease,False
cool_nights,99407,Boshruyeh,1991-2007,2008-2024,33.64705882352941,24.470588235294116,-9.176470588235297,decrease,True
cool_nights,99421,Natanz,1991-2007,2008-2024,33.25,22.058823529411764,-11.191176470588236,decrease,True
cool_nights,99459,Borujen,1991-2007,2008-2024,32.76470588235294,17.294117647058822,-15.47058823529412,decrease,True
cool_nights,99623,Zahak,1991-2007,2008-2024,32.333333333333336,28.823529411764707,-3.509803921568629,decrease,True
