index_name,station_id,station_name,ols_slope_per_c,ols_expected_direction,slope_per_c_0.10,ci_low_per_c_0.10,ci_high_per_c_0.10,expected_direction_0.10,slope_per_c_0.50,ci_low_per_c_0.50,ci_high_per_c_0.50,expected_direction_0.50,slope_per_c_0.90,ci_low_per_c_0.90,ci_high_per_c_0.90,expected_direction_0.90
warm_days,19996,Bahookalat,10.658955661674323,True,19.056250346940836,,,True,11.138610559449992,-1.369188742835723,23.646409861735705,True,9.527499489491193,,,True
warm_days,40700,Parsabad,22.665346756329377,True,22.540242475326178,,,True,22.88477933360616,14.712681730161636,31.05687693705069,True,20.051311174390175,,,True
warm_days,40701,Maku,37.89402350576836,True,32.70162744816055,,,True,44.40873932400977,32.98639428447503,55.83108436354451,True,32.90742717143283,,,True
warm_days,40702,Jolfa,31.895409670629768,True,32.99249381267117,,,True,34.674681134103395,23.76845651304873,45.58090575515806,True,30.15116758448995,,,True
warm_days,40703,Khoy,39.26062591811627,True,27.634939656479123,,,True,41.89788041133495,31.008825546041365,52.78693527662854,True,39.97117062648382,,,True
warm_days,40704,Ahar,34.0313511767081,True,29.012379453745123,,,True,34.89628393912072,24.249413319436247,45.5431545588052,True,32.0819238431951,,,True
warm_days,40706,Tabriz,31.139011571188117,True,30.701739676878134,,,True,31.22632923271605,21.641553877577817,40.81110458785429,True,30.371084845255606,,,True
warm_days,40708,Ardebil,27.58577061911093,True,21.006852909179706,,,True,26.56223098242812,18.643265194781634,34.481196770074604,True,24.389108309239955,,,True
warm_days,40709,Astara,25.4959369880086,True,22.50114346172294,,,True,26.942170595735348,14.070884564667208,39.813456626803486,True,26.532551860858966,,,True
warm_days,40710,Sarab,35.094953681917104,True,34.00932600018082,,,True,35.08960326268281,26.354199985930123,43.82500653943549,True,34.31558903409506,,,True
warm_days,40712,Orumiyeh,44.093241495096905,True,42.175945213784146,,,True,52.951715570052734,40.26031758377941,65.64311355632606,True,37.89936396167716,,,True
warm_days,40713,Maragheh-Synoptic,54.817786657429146,True,29.52323597988442,,,True,62.399820888404804,41.906079196350454,82.89356258045916,True,47.36255299038566,,,True
warm_days,40716,Mianeh,38.07207412718443,True,48.51816742557742,,,True,41.37624040325361,30.208875554074172,52.54360525243305,True,36.973330565827695,,,True
warm_days,40717,Khalkhal,39.2212150417101,True,39.403044329569376,,,True,43.61397195605184,29.84476508922216,57.38317882288152,True,32.95596947944752,,,True
warm_days,40718,Bandar-E-Anzali,55.91766490120068,True,31.94533224519146,,,True,64.123476589541,32.62153197618002,95.62542120290198,True,59.40307246095897,,,True
warm_days,40719,Rasht,15.96403167144268,True,14.297217133362063,,,True,14.296078249459987,8.298626229689296,20.29353026923068,True,16.428362103590025,,,True
warm_days,40723,Bojnurd,22.18099898109592,True,15.979244201265065,,,True,23.21597587398848,12.097029390742888,34.33492235723407,True,20.806735010400672,,,True
warm_days,40724,Piranshahr,44.17802350292068,True,31.488506748708772,,,True,55.82034536846585,42.181426849379655,69.45926388755205,True,40.03862411092313,,,True
warm_days,40726,Mahabad,37.57095978941394,True,28.17421763766166,,,True,42.689598736378805,29.843916654585136,55.535280818172474,True,35.300319000939446,,,True
warm_days,40727,Saqez,36.030764532622364,True,29.423496789262316,,,True,37.009094690340724,25.680386851810724,48.337802528870725,True,36.09709176826521,,,True
warm_days,40728,Takab,38.276764839911415,True,26.028282031418687,,,True,45.90626031688065,30.574993804778288,61.23752682898301,True,37.34643384754283,,,True
warm_days,40729,Zanjan,52.49439634847827,True,39.40304905002024,,,True,50.648144406813884,29.986370321209055,71.30991849241872,True,49.90919379501658,,,True
warm_days,40730,Khorramdareh,37.27109038892396,True,37.246455767622486,,,True,39.51301156396701,28.096923504507085,50.929099623426936,True,40.853263342368514,,,True
warm_days,40731,Qazvin,33.87498823996894,True,34.38134735674728,,,True,33.41133668408706,21.209573144453493,45.61310022372063,True,29.602198580166768,,,True
warm_days,40732,Ramsar,35.74210784224215,True,24.18871876978907,,,True,42.91088584300086,26.9407828468068,58.88098883919493,True,30.97909064106867,,,True
warm_days,40734,Nowshahr,33.44097425518979,True,22.275144997466633,,,True,36.047638847460014,21.01259266893488,51.08268502598515,True,33.22318748644406,,,True
warm_days,40736,Babolsar,28.82374596752011,True,10.166397925194676,,,True,25.998848715251718,13.935921571860879,38.061775858642555,True,31.48119987377435,,,True
warm_days,40737,Gharakhil,29.514677755420735,True,20.964842287267896,,,True,28.075202823657538,16.057754788608307,40.09265085870677,True,27.2127902548035,,,True
warm_days,40738,Gorgan,29.305371713947416,True,15.430062038512299,,,True,33.868297020283,22.007128369867424,45.72946567069858,True,26.368992241412336,,,True
warm_days,40739,Shahrud,21.57628571759257,True,26.19009651559585,,,True,21.740540545742927,12.981896902376828,30.499184189109027,True,21.8876540957036,,,True
warm_days,40740,Quchan,21.90556970097947,True,22.292096668902918,,,True,19.304328475498803,9.471206171467744,29.137450779529864,True,20.57475666764679,,,True
warm_days,40741,Sarakhs,26.235394835030853,True,21.86634797116448,,,True,27.59634031657557,14.236830875412572,40.95584975773857,True,25.014463919712547,,,True
warm_days,40742,Biyarjomand,24.066953895448016,True,25.69809774098442,,,True,25.67534831529961,14.004569913463211,37.346126717136,True,22.34581539813107,,,True
warm_days,40743,Sabzevar,24.74134029106594,True,26.06107140371633,,,True,28.033853859128605,17.001982137448476,39.06572558080873,True,24.131903056236233,,,True
warm_days,40744,Golmakan,30.20875072650607,True,26.820555829371422,,,True,31.972193485130262,15.409633120679953,48.53475384958057,True,28.947669273075082,,,True
warm_days,40745,Mashhad,26.638836114567916,True,21.47571155523333,,,True,25.959872313027144,12.688147478112528,39.23159714794176,True,26.890543160017813,,,True
warm_days,40746,Neyshabur,26.136206118387157,True,26.845885645788268,,,True,27.18533674319889,13.878152513578748,40.49252097281903,True,26.511425991991956,,,True
warm_days,40747,Sanandaj,41.853026332945454,True,38.6502694120607,,,True,46.916464339713045,28.059489078795508,65.77343960063058,True,40.813706289982676,,,True
warm_days,40748,Bijar,45.915172169407015,True,25.934389566869882,,,True,50.17259616802374,33.01679583740003,67.32839649864744,True,40.23157697855593,,,True
warm_days,40749,Zarrineh,42.965289050753384,True,28.459902600597623,,,True,54.60685685221705,35.32111435372961,73.89259935070449,True,40.57831871830005,,,True
warm_days,40751,Tehran (Shemiran),41.79318412545211,True,26.745444579266586,,,True,51.40044392181853,29.25124504868867,73.54964279494838,True,42.955232834167866,,,True
warm_days,40752,Karaj,34.7154296407319,True,37.06781159595125,,,True,37.75788492087767,25.87011602044882,49.645653821306524,True,30.187010958967836,,,True
warm_days,40754,Tehran (Mehrabad Airport),20.761606858042647,True,18.71060998140025,,,True,23.377891422451036,15.329031571253086,31.426751273648986,True,23.203754429206487,,,True
warm_days,40755,Abali,32.61758950383642,True,40.52473031850136,,,True,28.94185266342803,16.97507423955036,40.9086310873057,True,31.268077023201304,,,True
warm_days,40757,Semnan,28.81706308008937,True,27.061971732502872,,,True,31.035820911321146,19.359612722951663,42.712029099690625,True,28.67169065660525,,,True
warm_days,40758,Garmsar,21.018701764279175,True,22.9865515196199,,,True,20.12754185171418,11.706840910690374,28.548242792737987,True,19.773580064903957,,,True
warm_days,40762,Torbat-E Heydariyeh,31.95165111623034,True,17.82437974459344,,,True,32.30048626671089,16.133111593001537,48.467860940420245,True,32.21642316561954,,,True
warm_days,40763,Kashmar,26.72491926158303,True,26.443748807749085,,,True,28.889723942162256,15.970838240110316,41.808609644214194,True,24.389100593070353,,,True
warm_days,40764,Ravansar,45.13344502786743,True,45.02131334462881,,,True,47.41945002682696,30.795292785875912,64.043607267778,True,41.177327765517134,,,True
warm_days,40765,Sarpol-E-Zahab,32.64583159795798,True,31.051759084521127,,,True,34.799449043204056,21.899735773637723,47.69916231277039,True,35.26288655650467,,,True
warm_days,40766,Kermanshah,26.747746546541208,True,15.065932153122597,,,True,28.39162558301453,17.426701025226016,39.356550140803044,True,28.648472187797044,,,True
warm_days,40768,Hamedan (Airport),35.085090404055066,True,19.3111829453282,,,True,32.540476581770555,18.428154290976437,46.652798872564674,True,36.63046695213786,,,True
warm_days,40769,Arak,38.17814942402097,True,31.09977832161783,,,True,39.857251642132255,27.68252300399242,52.031980280272094,True,32.62772714544549,,,True
warm_days,40770,Qom,40.08776745989817,True,28.140648011986162,,,True,47.904785524879685,31.977872988035166,63.831698061724204,True,32.819892549501496,,,True
warm_days,40771,Kangavar,42.20471709659915,True,36.68847574417035,,,True,40.41821533683543,25.232705061300024,55.60372561237084,True,37.20901591507615,,,True
warm_days,40772,Qorveh,44.14542309545738,True,30.399402570190823,,,True,47.76139991028752,31.118320739286673,64.40447908128837,True,41.904410821290945,,,True
warm_days,40774,Borujerd,43.83214333515113,True,35.37817203316398,,,True,43.805973249894116,29.184622747496984,58.427323752291244,True,43.231147883184995,,,True
warm_days,40778,Gonabad,28.058721270725783,True,28.642856656818864,,,True,30.85789587520343,18.641240802471984,43.074550947934874,True,26.550918637100597,,,True
warm_days,40779,Eslamabad-E-Gharb,33.390266047355844,True,27.788857173004697,,,True,34.36544579873253,21.659669468941257,47.0712221285238,True,31.580759299570637,,,True
warm_days,40780,Ilam,58.513892585668586,True,37.338211408147195,,,True,66.76450024572671,39.355082512787924,94.17391797866549,True,54.0937725222357,,,True
warm_days,40782,Khorramabad,44.2296965520294,True,31.318973278689207,,,True,45.882291782971535,30.398527471758893,61.366056094184174,True,41.82677539448948,,,True
warm_days,40783,Aligudarz,36.17702043875877,True,29.11101878482845,,,True,39.35112688636737,26.425926242373063,52.27632753036167,True,33.99324165815576,,,True
warm_days,40785,Kashan,37.03472276506243,True,23.67921788536617,,,True,36.20015275004145,21.64272509100525,50.75758040907765,True,43.53986895376666,,,True
warm_days,40787,Daran,43.91224080156771,True,34.80669870672014,,,True,41.46481622069156,26.98781113113721,55.94182131024591,True,39.3452286952138,,,True
warm_days,40789,Khur-Va-Biabanak,36.172089814530224,True,26.03238439570047,,,True,31.579546630851965,20.636590846420198,42.52250241528373,True,41.61291149871379,,,True
warm_days,40790,Robat-E-Poshtebadam,22.916154074479063,True,20.688115244454377,,,True,25.86317913650818,15.935623647585375,35.790734625430986,True,25.759584530351642,,,True
warm_days,40791,Tabas,39.45166425377275,True,25.999925720472103,,,True,45.005986271421556,33.13032275043555,56.88164979240756,True,37.58583169917823,,,True
warm_days,40792,Ferdows,17.884076604473762,True,16.33672775092213,,,True,12.524514110373433,3.0713717816307398,21.977656439116124,True,20.632252823670058,,,True
warm_days,40793,Qaen,34.012168897456256,True,21.48214252484544,,,True,36.73499125786324,23.27694122920984,50.193041286516646,True,29.867308714549928,,,True
warm_days,40794,Safiabad (Dezful),41.45780887892799,True,29.86020543559368,,,True,49.345461481712505,34.37797877701287,64.31294418641214,True,37.61381586376169,,,True
warm_days,40796,Dehloran,55.33360252817788,True,27.290319463594965,,,True,58.439807727754406,35.73551734694661,81.1440981085622,True,53.33439690401045,,,True
warm_days,40797,Kuhrang,48.261323912355735,True,22.700131384183532,,,True,64.21077694561849,42.62333953228813,85.79821435894885,True,44.59685720375542,,,True
warm_days,40798,Shahrekord,45.95306695142052,True,30.926463282720395,,,True,55.192685273586186,36.99201714074708,73.39335340642529,True,47.16897545622423,,,True
warm_days,40799,Ardestan,26.547325529819144,True,27.170287909660004,,,True,25.159806773054886,13.595828926675033,36.72378461943474,True,28.37267542616871,,,True
warm_days,40800,Esfahan,49.74983410729037,True,37.890469002184794,,,True,33.293679275998755,20.218270347150824,46.36908820484669,True,50.65429173757355,,,True
warm_days,40801,Naein,24.56144627936999,True,22.418881544764783,,,True,22.919400650745047,13.51854059507447,32.320260706415624,True,25.364646667961622,,,True
warm_days,40802,Esfahan (Airport),31.112837536442214,True,28.538073873493953,,,True,32.10723278845965,24.33611199886265,39.87835357805665,True,32.082364589763095,,,True
warm_days,40803,Kabutarabad,48.10602084372733,True,28.80278618392105,,,True,48.936157552529885,34.43149463863405,63.44082046642572,True,38.77242339823674,,,True
warm_days,40809,Birjand,28.789758911452623,True,23.88822450603026,,,True,32.519053238323224,19.992102626975836,45.04600384967061,True,28.789189730261292,,,True
warm_days,40810,Bostan,45.718604012880085,True,49.69818099833336,,,True,51.0675802227629,33.647432278949765,68.48772816657603,True,37.815983498025844,,,True
warm_days,40811,Ahvaz,44.21423945573777,True,33.14799533282892,,,True,53.99871311626543,39.8439517827842,68.15347444974665,True,38.93410957874024,,,True
warm_days,40812,Masjedsoleyman,37.486734694878145,True,26.85948370737699,,,True,36.09057399533722,20.54454765890477,51.63660033176968,True,38.81823557060603,,,True
warm_days,40813,Ramhormoz,42.58620791776984,True,30.799952156517676,,,True,41.82541073559212,26.302393302617226,57.34842816856702,True,38.82886534199647,,,True
warm_days,40818,Abadeh,36.04320269539761,True,40.13042884507873,,,True,41.64525594957915,28.002272057783863,55.28823984137444,True,34.134015424342735,,,True
warm_days,40821,Yazd,28.451411366286884,True,24.507971539012935,,,True,30.455408511316477,19.56874448065958,41.34207254197338,True,30.187013076694548,,,True
warm_days,40827,Nehbandan,30.695930952209594,True,32.434664614551366,,,True,32.48538928152117,24.074342609994197,40.89643595304815,True,30.589506584309678,,,True
warm_days,40829,Zabol,37.12237132007815,True,11.074872043543232,,,True,47.18538853920322,27.66001865012793,66.7107584282785,True,36.138756302411785,,,True
warm_days,40831,Abadan,38.658210287077544,True,33.938498819964146,,,True,41.76793817301191,26.595514600399383,56.94036174562444,True,34.95397599131389,,,True
warm_days,40832,Bandar-E- Mahshahr,32.20857036399442,True,21.025317811514338,,,True,38.99642883128754,27.929325393036656,50.06353226953842,True,29.47888720119633,,,True
warm_days,40833,Omidiyeh (Aghajari),38.23317631401877,True,21.025317204458688,,,True,39.684180151230706,26.59622509252396,52.77213520993745,True,37.86742159729758,,,True
warm_days,40835,Dogonbadan,43.26629897688788,True,26.940264465440666,,,True,41.63523504370739,14.412976888637736,68.85749319877704,True,41.05434072190702,,,True
warm_days,40836,Yasuj,36.30797690085408,True,26.647980088367525,,,True,42.95462306167454,25.85765661069332,60.05158951265576,True,39.71045931859939,,,True
warm_days,40839,Anar,26.347031279330423,True,23.99821953684224,,,True,26.42677275652343,15.44606042026953,37.40748509277733,True,29.221441976484954,,,True
warm_days,40841,Kerman,28.435899088159793,True,33.148411894912854,,,True,26.422277756460304,11.534525145289761,41.310030367630844,True,33.55741629954045,,,True
warm_days,40844,Dorudzan,40.39073981678238,True,31.22474215619852,,,True,40.364352507198184,21.364093918295822,59.364611096100546,True,39.53243888866831,,,True
warm_days,40847,Zarqan,47.153460397458176,True,31.96366183277849,,,True,47.58735779364084,21.494045070067166,73.68067051721451,True,49.71413278441792,,,True
warm_days,40848,Shiraz,42.72250447211482,True,31.572299772082104,,,True,44.285834813366904,26.339069750199233,62.23259987653458,True,40.563908599002815,,,True
warm_days,40849,Shahrebabak,38.70158625412021,True,35.53062857963519,,,True,38.922681057338664,22.23435596288631,55.61100615179102,True,40.107860605592855,,,True
warm_days,40851,Sirjan,34.97659291292862,True,39.57052809075085,,,True,28.03385651456642,13.690816985909317,42.376896043223525,True,34.951139125005334,,,True
warm_days,40853,Baft,39.5878305759807,True,41.72053926276618,,,True,47.142710471902255,29.70850938277789,64.57691156102662,True,36.272216564620074,,,True
warm_days,40854,Bam,28.184951484700868,True,19.207835000967545,,,True,25.711235932973974,10.46452452179206,40.95794734415589,True,34.06720760753937,,,True
warm_days,40856,Zahedan,22.480929546672147,True,20.31157221531713,,,True,21.994332655404637,10.249494211086436,33.73917109972284,True,26.162077968184274,,,True
warm_days,40857,Bushehr (Coastal),59.14284619403828,True,30.571201945379215,,,True,86.69358034763219,54.72393857357595,118.66322212168843,True,53.437736109870684,,,True
warm_days,40858,Bushehr (Airport),9.937950563446464,True,12.066803366438256,,,True,7.719291482264895,0.40032784969949375,15.038255114830296,True,10.298149870360824,,,True
warm_days,40859,Fasa,31.35151486350407,True,28.35729797349138,,,True,28.40854763008546,17.241162941348875,39.57593231882205,True,32.08236372897047,,,True
warm_days,40870,Khash,25.92197997444564,True,39.50648706778572,,,True,26.80704797777014,15.811599919789696,37.80249603575058,True,30.992000005696926,,,True
warm_days,40873,Lar,29.452651949826834,True,23.36250666770883,,,True,32.5526785857266,17.054946251544152,48.050410919909055,True,19.319757823099824,,,True
warm_days,40875,Bandarabbas,27.766355689750448,True,31.25989682578911,,,True,33.99324349206972,22.319682265131554,45.66680471900789,True,24.389102018956624,,,True
warm_days,40876,Minab,34.2174184814549,True,35.234071202012366,,,True,34.63425978536006,20.27869305862867,48.98982651209145,True,35.02024520881066,,,True
warm_days,40877,Kahnuj,21.32769195774221,True,24.738446243911216,,,True,25.537160425905924,14.034852822398273,37.03946802941358,True,25.277024140655985,,,True
warm_days,40878,Saravan,23.89394386275761,True,18.555879126759187,,,True,19.33950418910666,8.729381149954975,29.949627228258343,True,28.141269915376757,,,True
warm_days,40879,Iranshahr,30.098429474686654,True,40.73766701033011,,,True,28.097727778552525,18.602947188829464,37.59250836827559,True,33.1441603838057,,,True
warm_days,40882,Kish Island,25.651487764812895,True,23.449832838111647,,,True,32.2980021315293,21.021626340039532,43.57437792301907,True,22.8632949665632,,,True
warm_days,40883,Bandar-E-Lengeh,28.17996834438876,True,28.94630271032342,,,True,33.2978900218192,20.04011521199176,46.55566483164664,True,25.61203275607225,,,True
warm_days,40889,Siri Island,30.6063016934622,True,24.26515363087479,,,True,41.03196990082116,23.927180589917477,58.13675921172484,True,24.011718260159732,,,True
warm_days,40890,Abumusa Island,62.67295806521684,True,34.59665374912062,,,True,53.07217460286679,21.011875604624485,85.1324736011091,True,61.74814653064342,,,True
warm_days,40893,Jask,11.841500086733983,True,6.4517649458762225,,,True,11.483884674155288,0.5654027688056438,22.402366579504932,True,10.057120385050833,,,True
warm_days,40898,Chahbahar,21.19134307907514,True,16.9388958318965,,,True,23.888160362457285,1.2516204173165981,46.52470030759797,True,22.602454862814806,,,True
warm_days,88187,Jam,40.69983962561477,True,34.63748762252802,,,True,33.372616015753714,17.158096066893485,49.58713596461394,True,37.4318996093071,,,True
warm_days,99331,Tehran (Geophysic),33.882826440216064,True,24.353451853031476,,,True,38.35360330982163,24.640763869076213,52.06644275056705,True,32.71546881010645,,,True
warm_days,99407,Boshruyeh,21.927982206608036,True,18.170532237759215,,,True,18.6383930731218,9.166870198029937,28.109915948213665,True,26.55091844468808,,,True
warm_days,99421,Natanz,32.48585126727348,True,20.989536187199725,,,True,34.203396458987335,19.96226100547943,48.444531912495236,True,29.3869534208611,,,True
warm_days,99459,Borujen,49.161743131191464,True,29.387990869280543,,,True,49.46023233718219,25.8983378330045,73.02212684135988,True,46.40092863339223,,,True
warm_days,99623,Zahak,31.96030499268082,True,16.833227264867443,,,True,45.790512617680996,28.823145677364426,62.75787955799757,True,31.34483888255269,,,True
warm_nights,19996,Bahookalat,10.986796019048706,True,12.615193525186267,,,True,7.994076886100952,-6.05837925208737,22.046533024289275,True,25.057231191660748,,,True
warm_nights,40700,Parsabad,22.636849815255264,True,24.276915394050757,,,True,17.75622915996084,7.644468953342415,27.867989366579263,True,23.17440744952215,,,True
warm_nights,40701,Maku,31.548189028659696,True,34.92914336323029,,,True,34.167486372618455,22.699085830288467,45.63588691494844,True,28.45395195161579,,,True
warm_nights,40702,Jolfa,34.07830174079656,True,21.14292471026372,,,True,29.74659899960277,13.008167892122739,46.48503010708281,True,33.879782082778995,,,True
warm_nights,40703,Khoy,38.67987202218704,True,21.734650433069618,,,True,41.76793739203972,23.236081441481435,60.29979334259801,True,40.7282626495984,,,True
warm_nights,40704,Ahar,22.773005904819005,True,15.842619411965213,,,True,27.76573418222993,18.97491139498498,36.55655696947488,True,22.163976182395523,,,True
warm_nights,40706,Tabriz,21.86380894354849,True,12.704168029286121,,,True,24.75836739145453,17.39197942019034,32.12475536271872,True,22.619642474565477,,,True
warm_nights,40708,Ardebil,30.298543135713942,True,37.449836109702765,,,True,30.257298731168376,14.118302143084428,46.396295319252324,True,30.017354775523202,,,True
warm_nights,40709,Astara,30.299768119553505,True,32.8864093764109,,,True,29.550119220724433,13.694452779152646,45.40578566229622,True,33.61508152237157,,,True
warm_nights,40710,Sarab,20.070731634682655,True,14.76161785247219,,,True,20.844812380232582,10.00388355122339,31.685741209241776,True,20.80977419199513,,,True
warm_nights,40712,Orumiyeh,19.688813551746456,True,18.546923118803313,,,True,17.043523652452144,10.391113313030402,23.695933991873886,True,21.771975856202772,,,True
warm_nights,40713,Maragheh-Synoptic,31.335369793262885,True,27.72683449908392,,,True,29.21755396246263,15.951144982201708,42.48396294272355,True,32.15764469295505,,,True
warm_nights,40716,Mianeh,29.033610250443488,True,16.134577149726397,,,True,29.591835310741455,15.414831324863169,43.768839296619745,True,29.768481775632704,,,True
warm_nights,40717,Khalkhal,22.58042027155712,True,16.912830745715834,,,True,25.62196124162089,13.354487553872376,37.88943492936941,True,24.552104017674814,,,True
warm_nights,40718,Bandar-E-Anzali,29.706886656794286,True,31.488508536807664,,,True,31.648110143595318,20.327740688649612,42.96847959854102,True,31.30816843643994,,,True
warm_nights,40719,Rasht,36.83302479701075,True,15.577237370674727,,,True,40.72390385800231,23.028658945428738,58.41914877057588,True,36.879855510152645,,,True
warm_nights,40723,Bojnurd,19.915898485238984,True,20.53701226755919,,,True,21.050481880359715,12.597711581365802,29.50325217935363,True,22.13714281539954,,,True
warm_nights,40724,Piranshahr,39.209411720471515,True,34.63748260624002,,,True,42.171144843188856,22.16007973629136,62.182209950086346,True,38.77084879709131,,,True
warm_nights,40726,Mahabad,26.751258662765217,True,28.896693960342184,,,True,29.77720298755802,19.210569140259835,40.343836834856205,True,25.783627830111083,,,True
warm_nights,40727,Saqez,19.977841825304985,True,22.70013127457061,,,True,23.593649438091333,12.110286001124269,35.0770128750584,True,21.945313564488306,,,True
warm_nights,40728,Takab,18.404028188394655,True,21.745071061655715,,,True,18.525592142768016,8.816121448913892,28.23506283662214,True,20.281954871173088,,,True
warm_nights,40729,Zanjan,27.962950744575828,True,29.11102478327847,,,True,23.877743330003483,12.771298121049282,34.98418853895768,True,36.61952943428843,,,True
warm_nights,40730,Khorramdareh,34.66702006432239,True,30.57120216767346,,,True,35.827435833050394,24.256971134431403,47.397900531669386,True,35.33293361925796,,,True
warm_nights,40731,Qazvin,22.062800856649357,True,17.6712086892718,,,True,24.72942067118245,17.371601255543535,32.08724008682137,True,21.528872137418464,,,True
warm_nights,40732,Ramsar,41.20668814782262,True,28.72842848624011,,,True,45.525024897865094,29.84819802492486,61.201851770805334,True,37.6138073475553,,,True
warm_nights,40734,Nowshahr,40.02590778274064,True,19.85456203657488,,,True,46.05933217557642,29.853090865728674,62.26557348542417,True,37.71521218645098,,,True
warm_nights,40736,Babolsar,30.68827974504604,True,16.62651124810836,,,True,35.82275129845283,21.412561373671927,50.23294122323373,True,32.627747437756426,,,True
warm_nights,40737,Gharakhil,20.734130250058964,True,14.851444994368036,,,True,20.409195321951998,8.24948470310618,32.56890594079782,True,25.897472825378603,,,True
warm_nights,40738,Gorgan,17.466412855860337,True,17.59707941559304,,,True,18.318754354862037,10.356083559040453,26.28142515068362,True,13.20802486492242,,,True
warm_nights,40739,Shahrud,17.274016694644896,True,17.083748503720035,,,True,15.320997701089087,8.195101695044107,22.446893707134066,True,17.744575305154903,,,True
warm_nights,40740,Quchan,7.83505784592602,True,6.994954565513192,,,True,6.301263231397268,-1.9229546713145087,14.525481134109045,True,11.416930955238568,,,True
warm_nights,40741,Sarakhs,21.180030026411796,True,6.009329481079652,,,True,21.324817534185474,12.611039882013957,30.038595186356993,True,19.0848053868631,,,True
warm_nights,40742,Biyarjomand,17.58104246873319,True,19.00541932129075,,,True,16.911608677381004,8.459091925603458,25.36412542915855,True,19.606651458758993,,,True
warm_nights,40743,Sabzevar,25.276434947741972,True,35.92007394523041,,,True,27.46027874853482,16.420365552594102,38.50019194447553,True,21.332160606284656,,,True
warm_nights,40744,Golmakan,24.828626973853122,True,14.555508825915174,,,True,26.882099989818357,12.64228595459693,41.121914025039786,True,34.485021948200576,,,True
warm_nights,40745,Mashhad,29.255016152921726,True,18.859892292446542,,,True,30.357827127895288,14.799243705155469,45.916410550635106,True,28.57703728823709,,,True
warm_nights,40746,Neyshabur,17.06803345826222,True,14.732836474420612,,,True,15.456678087069145,8.896282043658083,22.017074130480207,True,19.464090229630553,,,True
warm_nights,40747,Sanandaj,16.985614463922715,True,11.28829812032448,,,True,16.46798521945866,5.88780041719437,27.048170021722953,True,19.70558580380981,,,True
warm_nights,40748,Bijar,32.004132347031145,True,35.378170594744475,,,True,37.78011803465511,24.79156719485395,50.76866887445627,True,29.986645043434844,,,True
warm_nights,40749,Zarrineh,22.4271655510611,True,18.173498547481238,,,True,25.874584359906716,14.678121983957723,37.07104673585571,True,25.705652723576843,,,True
warm_nights,40751,Tehran (Shemiran),19.21890984659096,True,21.829611657079628,,,True,17.529157132378074,9.08618590568604,25.97212835907011,True,19.544429374749747,,,True
warm_nights,40752,Karaj,23.38845063343972,True,20.121191467196482,,,True,27.500964385042934,21.127229099874867,33.874699670211,True,18.553680829842598,,,True
warm_nights,40754,Tehran (Mehrabad Airport),16.42126956949067,True,17.367739453932455,,,True,18.591620639938313,10.012032674666205,27.17120860521042,True,13.28989445089677,,,True
warm_nights,40755,Abali,20.55593133524887,True,22.21884868293199,,,True,22.069923804266367,13.765283724897579,30.374563883635155,True,19.698888891501646,,,True
warm_nights,40757,Semnan,18.814553386948198,True,19.872684700766843,,,True,18.291345988439502,8.749714584144877,27.83297739273413,True,18.233151036062495,,,True
warm_nights,40758,Garmsar,48.8492635316665,True,18.62323114357954,,,True,62.07164153170913,28.82507750905586,95.31820555436241,True,46.4641149920749,,,True
warm_nights,40762,Torbat-E Heydariyeh,18.196926096586495,True,14.885630105290167,,,True,27.11038883063867,17.20420973345226,37.01656792782508,True,21.702296754872982,,,True
warm_nights,40763,Kashmar,19.453029503370104,True,9.80203828702634,,,True,20.726178809270795,10.422495452207867,31.02986216633372,True,22.345807643747516,,,True
warm_nights,40764,Ravansar,17.574916465339815,True,17.76532123313711,,,True,15.34754749486113,4.679182202124558,26.015912787597703,True,21.308569970157997,,,True
warm_nights,40765,Sarpol-E-Zahab,25.004755605379106,True,16.778358990545893,,,True,25.188490319293766,11.037919082167887,39.339061556419644,True,25.098327147066914,,,True
warm_nights,40766,Kermanshah,16.235250787715565,True,20.28822214249464,,,True,17.061451876099987,6.315848047564975,27.807055704634998,True,18.837763084174217,,,True
warm_nights,40768,Hamedan (Airport),18.590909660213867,True,15.853228745298356,,,True,21.72128471772876,13.25453287166178,30.18803656379574,True,19.544425483912082,,,True
warm_nights,40769,Arak,21.660916184268636,True,14.327036305354385,,,True,17.842485756006578,9.608308918646442,26.076662593366713,True,22.204029954502595,,,True
warm_nights,40770,Qom,24.315308158869456,True,14.885919316895757,,,True,26.097783912211902,11.917183097795668,40.27838472662813,True,22.78092482384548,,,True
warm_nights,40771,Kangavar,11.697197897984605,True,5.117536518012349,,,True,11.558654263271787,2.4017514353394986,20.715557091204076,True,15.3797444583017,,,True
warm_nights,40772,Qorveh,33.631157633107115,True,18.2155042108237,,,True,42.39328803067351,26.84746562990343,57.939110431443595,True,31.10903168620832,,,True
warm_nights,40774,Borujerd,35.01916455967219,True,17.441593833578036,,,True,33.67771506309555,14.348509289584086,53.00692083660701,True,38.4007634086611,,,True
warm_nights,40778,Gonabad,21.05470786758906,True,11.02720948954401,,,True,22.382767091609047,11.382144777898361,33.38338940531973,True,20.291697221166668,,,True
warm_nights,40779,Eslamabad-E-Gharb,20.88585259447048,True,24.970145593648574,,,True,19.81776234605257,8.864855823849213,30.77066886825593,True,18.483155975046408,,,True
warm_nights,40780,Ilam,6.960409164920348,True,6.182351775628388,,,True,7.124144650527321,-4.050940601707961,18.299229902762605,True,7.907488891158469,,,True
warm_nights,40782,Khorramabad,19.933895260267267,True,15.88131410024023,,,True,16.540814221971896,3.624130779002119,29.457497664941673,True,25.446408110504777,,,True
warm_nights,40783,Aligudarz,22.237838856301874,True,13.702130146500025,,,True,25.584261735072317,14.836448343531073,36.33207512661356,True,22.020994843255608,,,True
warm_nights,40785,Kashan,34.62044255957521,True,26.166006881875973,,,True,42.00901463837955,28.936550171258528,55.08147910550056,True,32.49693506124301,,,True
warm_nights,40787,Daran,26.11028088823411,True,18.34272169386015,,,True,23.87792802244114,13.61116297183739,34.14469307304489,True,25.928408471343484,,,True
warm_nights,40789,Khur-Va-Biabanak,30.90312708311545,True,12.615193752136811,,,True,32.83752349959289,17.563554672832304,48.11149232635348,True,30.976076789272717,,,True
warm_nights,40790,Robat-E-Poshtebadam,14.34445833261575,True,11.063528524207868,,,True,12.788438944721188,5.1966774928785435,20.380200396563833,True,19.192705871448887,,,True
warm_nights,40791,Tabas,26.774227752561856,True,24.673697465972932,,,True,26.53307660657337,11.082661627066878,41.983491586079865,True,29.531722964390507,,,True
warm_nights,40792,Ferdows,29.898348533386176,True,13.60928087919864,,,True,29.430689463824457,11.275379091327476,47.585999836321434,True,35.18093359402633,,,True
warm_nights,40793,Qaen,21.157844327704765,True,12.176715301965444,,,True,20.592209088542248,10.081294350699775,31.10312382638472,True,22.559392470522713,,,True
warm_nights,40794,Safiabad (Dezful),25.106062131221435,True,21.738761986533802,,,True,23.953682977182762,13.556509617253884,34.35085633711164,True,25.87569219776465,,,True
warm_nights,40796,Dehloran,26.541453375844153,True,19.972620375144952,,,True,26.365374279049004,14.831027563609267,37.89972099448874,True,33.60067037008516,,,True
warm_nights,40797,Kuhrang,16.7203580924003,True,13.430132309309037,,,True,12.989883945220202,4.002243481495025,21.977524408945378,True,19.014163709909194,,,True
warm_nights,40798,Shahrekord,7.391984024464005,True,6.531660096834997,,,True,7.407869878890793,-0.4878800102390697,15.303619768020656,True,7.774945800292262,,,True
warm_nights,40799,Ardestan,21.562647129197188,True,15.448946456481487,,,True,23.305581443593,15.519192515957833,31.091970371228165,True,22.13590525322325,,,True
warm_nights,40800,Esfahan,22.021817867634557,True,11.384817271146765,,,True,24.307348292862777,6.8909151800374815,41.72378140568807,True,23.08155682869744,,,True
warm_nights,40801,Naein,19.80921293355642,True,14.897198557356953,,,True,20.311591955029517,8.997071288617766,31.626112621441266,True,24.434114589779114,,,True
warm_nights,40802,Esfahan (Airport),11.049362569947533,True,3.938289598068299,,,True,11.035868449756647,4.866254129926991,17.205482769586304,True,14.717396769702374,,,True
warm_nights,40803,Kabutarabad,33.13404710736708,True,37.259405771917436,,,True,34.91079639848774,17.203340445268736,52.618252351706744,True,34.604425210936256,,,True
warm_nights,40809,Birjand,11.78146705601016,True,9.514707054334457,,,True,10.839686281669714,2.651885022553744,19.027487540785685,True,18.052100969402787,,,True
warm_nights,40810,Bostan,36.114102380358574,True,16.51985088663305,,,True,34.97990977908878,11.649706340969232,58.310113217208325,True,42.019741196867926,,,True
warm_nights,40811,Ahvaz,28.72420524220552,True,15.138228062324844,,,True,25.587679960750908,8.076258571529973,43.099101349971846,True,29.481679473725364,,,True
warm_nights,40812,Masjedsoleyman,26.053860425688498,True,20.843957757823237,,,True,28.899028999377276,14.780025265875778,43.01803273287877,True,28.662251263194673,,,True
warm_nights,40813,Ramhormoz,37.32931737317203,True,22.58052261894919,,,True,36.01233177685954,18.355899535352595,53.66876401836649,True,37.682609301808895,,,True
warm_nights,40818,Abadeh,27.38707377040366,True,15.779209975399192,,,True,27.65939341105513,10.719056284378574,44.59973053773169,True,31.36725059776706,,,True
warm_nights,40821,Yazd,35.06871064262135,True,19.869302425497796,,,True,40.609662007295356,22.15773670384437,59.06158731074634,True,37.905765696828134,,,True
warm_nights,40827,Nehbandan,13.8372432054714,True,5.890985284390228,,,True,14.220501188585217,4.743976910617974,23.69702546655246,True,17.700615119680066,,,True
warm_nights,40829,Zabol,26.75729649410392,True,20.51297404551169,,,True,28.87694964918235,13.156931787215122,44.59696751114958,True,31.089730639664698,,,True
warm_nights,40831,Abadan,37.89181863608836,True,16.938889091563397,,,True,40.087366838588196,19.358810048100118,60.81592362907627,True,35.59244572618226,,,True
warm_nights,40832,Bandar-E- Mahshahr,28.68917770804005,True,16.361877506993146,,,True,28.804792230418563,10.55576769963314,47.05381676120399,True,34.07964854550682,,,True
warm_nights,40833,Omidiyeh (Aghajari),21.44540455188302,True,5.283818240621566,,,True,16.615563323879027,-0.5360256548306666,33.76715230258872,True,28.01316086108887,,,True
warm_nights,40835,Dogonbadan,17.380628953881953,True,10.738808675816488,,,True,19.229136778569085,3.8298708680065623,34.628402689131605,True,22.407860501025386,,,True
warm_nights,40836,Yasuj,13.00096610587304,True,15.903214921133634,,,True,12.932967876065128,0.9475857198933948,24.91835003223686,True,17.661274011716674,,,True
warm_nights,40839,Anar,18.609374055112916,True,16.17807894697745,,,True,14.128637272738375,3.2747156935655415,24.982558851911207,True,24.49790667470489,,,True
warm_nights,40841,Kerman,17.523435846632758,True,18.480494389852986,,,True,13.82848326719868,2.0821813331942156,25.57478520120314,True,23.38533560317719,,,True
warm_nights,40844,Dorudzan,5.186957791391571,True,7.224150966201966,,,True,7.414179554037479,-1.7801949594199842,16.608554067494943,True,5.918912194338079,,,True
warm_nights,40847,Zarqan,29.2623849180739,True,7.410764628206523,,,True,34.22237000788419,15.011705934745166,53.43303408102321,True,32.26241605231725,,,True
warm_nights,40848,Shiraz,8.95841566827821,True,7.040302596012763,,,True,10.403220509818034,2.399034996636077,18.407406022999993,True,13.016191855803738,,,True
warm_nights,40849,Shahrebabak,11.455684340973123,True,11.16340423305961,,,True,9.995545277622996,1.0802168972014954,18.910873658044498,True,17.450562671325173,,,True
warm_nights,40851,Sirjan,22.57459671530041,True,14.72907571283842,,,True,22.602451050834524,11.266854325746772,33.93804777592228,True,24.17857984396312,,,True
warm_nights,40853,Baft,31.86968345394407,True,29.38014900955841,,,True,34.565507970282376,20.543058547511375,48.58795739305337,True,29.794416476984857,,,True
warm_nights,40854,Bam,34.101359487332545,True,26.78036525037246,,,True,32.8375235791054,14.104327673289397,51.570719484921405,True,37.250243488568266,,,True
warm_nights,40856,Zahedan,14.65370034574462,True,7.719300490615752,,,True,13.448664113840683,2.68590639562127,24.211421832060097,True,17.30722078062473,,,True
warm_nights,40857,Bushehr (Coastal),27.513054233034893,True,15.62994883382248,,,True,29.585421017325725,14.462837731962669,44.70800430268878,True,26.074751611093294,,,True
warm_nights,40858,Bushehr (Airport),34.10654993653868,True,17.318740941263183,,,True,32.5104009437379,11.696896431755665,53.32390545572014,True,35.40123300516221,,,True
warm_nights,40859,Fasa,37.60327401469146,True,21.29922502649438,,,True,43.08664449572055,18.861066012835256,67.31222297860585,True,38.62401774553569,,,True
warm_nights,40870,Khash,18.161956022145326,True,8.711283315111029,,,True,18.17745448736499,7.015196503298835,29.339712471431145,True,19.993609475562458,,,True
warm_nights,40873,Lar,26.91179578546117,True,23.14568632832908,,,True,22.592825355403168,8.34791580957501,36.83773490123133,True,30.371087140947218,,,True
warm_nights,40875,Bandarabbas,19.081719437026692,True,18.47024727867769,,,True,15.211332049031688,2.6247649687296732,27.7978991293337,True,17.19637745803876,,,True
warm_nights,40876,Minab,23.890723093263105,True,6.7349118204494784,,,True,18.028212028251097,2.40191893722748,33.65450511927472,True,29.333919015423632,,,True
warm_nights,40877,Kahnuj,26.530434245625862,True,20.649726267833984,,,True,29.154860801022696,17.640501315176135,40.66922028686926,True,29.231674439161328,,,True
warm_nights,40878,Saravan,12.196777687579923,True,6.161451712693232,,,True,12.367378911703067,2.1135168031378413,22.621241020268293,True,17.86108871369719,,,True
warm_nights,40879,Iranshahr,19.759251621885447,True,18.623221370870425,,,True,19.72011366344201,7.82175406136172,31.6184732655223,True,20.806440562580644,,,True
warm_nights,40882,Kish Island,31.682864411431062,True,23.79920190738592,,,True,36.26362309286546,22.01928736743511,50.507958818295805,True,36.8172971157572,,,True
warm_nights,40883,Bandar-E-Lengeh,13.368990931494102,True,11.578513619623047,,,True,19.452062274926906,6.259507536639841,32.644617013213974,True,15.882330771168208,,,True
warm_nights,40889,Siri Island,27.706058442497614,True,30.35597710582936,,,True,26.399222044061165,13.851567015241082,38.94687707288125,True,30.330034141105223,,,True
warm_nights,40890,Abumusa Island,26.84415451634529,True,13.404388448562228,,,True,25.652927344724393,11.104426370233687,40.2014283192151,True,26.66720209804869,,,True
warm_nights,40893,Jask,20.88696870353415,True,15.866138584846464,,,True,15.72928575983191,4.897651215775872,26.560920303887947,True,22.12567409108561,,,True
warm_nights,40898,Chahbahar,35.30737336710699,True,8.628155160404066,,,True,35.13393261439145,7.906444011620703,62.36142121716219,True,47.286629775977765,,,True
warm_nights,88187,Jam,31.370696786150727,True,8.94100763300545,,,True,31.79496911662909,7.3584256567833854,56.2315125764748,True,33.188652250037556,,,True
warm_nights,99331,Tehran (Geophysic),9.184817110228195,True,7.355432248959469,,,True,12.879790317875115,0.3591890234680015,25.400391612282228,True,19.77357788930971,,,True
warm_nights,99407,Boshruyeh,24.97700789733659,True,13.456204761261503,,,True,22.69589619874208,8.966662271207149,36.42513012627701,True,28.979537499848313,,,True
warm_nights,99421,Natanz,25.79844591104994,True,27.170289194852586,,,True,29.801743205440772,23.17474691371763,36.42873949716392,True,24.470807824707705,,,True
warm_nights,99459,Borujen,21.88399419180874,True,14.448227066127945,,,True,22.870268971626412,8.758307249434786,36.98223069381804,True,22.471279293136085,,,True
warm_nights,99623,Zahak,23.36061412318802,True,17.101950348983834,,,True,24.43434099566077,13.586680060450599,35.28200193087094,True,26.274117737861705,,,True
cool_days,19996,Bahookalat,-15.17859801695898,True,-9.483886041795126,,,True,-18.14327471188645,-30.891261220994775,-5.395288202778122,True,-30.254624146963703,,,True
cool_days,40700,Parsabad,-10.18312623865221,True,-6.782307316470768,,,True,-7.203384486528971,-14.569297370861351,0.16252839780340977,True,-14.71534954331934,,,True
cool_days,40701,Maku,-23.22413602329588,True,-8.275249340088266,,,True,-21.176441511535575,-31.04471225294173,-11.308170770129424,True,-30.334698658660738,,,True
cool_days,40702,Jolfa,-18.05131872113624,True,-8.68327791574572,,,True,-19.411738661868664,-30.208918967770188,-8.614558355967143,True,-16.20821218640048,,,True
cool_days,40703,Khoy,-20.71204170140879,True,-6.115301669084076,,,True,-17.610634892262826,-26.559141228873642,-8.66212855565201,True,-31.417347316264244,,,True
cool_days,40704,Ahar,-17.554414363802593,True,-12.831170582249182,,,True,-16.324473024099483,-21.845554738610364,-10.803391309588601,True,-18.198996821230253,,,True
cool_days,40706,Tabriz,-18.37399827266958,True,-11.138605395809424,,,True,-16.373435394008176,-21.9286724206924,-10.818198367323953,True,-20.011569688419197,,,True
cool_days,40708,Ardebil,-17.46881715041144,True,-8.683891875578281,,,True,-16.183590021976748,-23.576462018067204,-8.790718025886292,True,-16.313873737335552,,,True
cool_days,40709,Astara,-14.8188316698673,True,-5.655677230947874,,,True,-15.808958239862415,-24.24167050082428,-7.376245978900549,True,-14.715349780636465,,,True
cool_days,40710,Sarab,-16.232124628672814,True,-11.65688655668918,,,True,-15.98610123529322,-23.4960314486401,-8.476171021946339,True,-15.38770791697017,,,True
cool_days,40712,Orumiyeh,-24.451367077968627,True,-14.481159906619153,,,True,-18.491581902575327,-25.45560886569606,-11.527554939454593,True,-28.17454548738396,,,True
cool_days,40713,Maragheh-Synoptic,-27.346570271743282,True,-11.459238631453259,,,True,-22.267929074893196,-29.21805933610931,-15.317798813677083,True,-36.22440734358473,,,True
cool_days,40716,Mianeh,-21.173362481820664,True,-11.625263732433794,,,True,-14.732632333942137,-21.943717742788643,-7.521546925095632,True,-23.864937562090685,,,True
cool_days,40717,Khalkhal,-17.222310893615532,True,-9.793850606921312,,,True,-15.814972044983008,-19.40774375846735,-12.222200331498668,True,-19.882261010803365,,,True
cool_days,40718,Bandar-E-Anzali,-19.111852616382645,True,-6.2331242748076905,,,True,-19.6092119539911,-26.94258297253136,-12.27584093545084,True,-18.523673238013558,,,True
cool_days,40719,Rasht,-12.21005827903927,True,-6.512918846679948,,,True,-15.786152101945659,-22.56936881110558,-9.002935392785737,True,-15.436394685868626,,,True
cool_days,40723,Bojnurd,-13.643581960604433,True,-11.815814574252869,,,True,-14.171343289148002,-19.955047070958695,-8.387639507337308,True,-15.923286092802385,,,True
cool_days,40724,Piranshahr,-25.245547955752127,True,-14.123737355359943,,,True,-19.8505823315535,-27.304350207184374,-12.396814455922627,True,-35.249461037430144,,,True
cool_days,40726,Mahabad,-21.324808443203256,True,-12.419944150297944,,,True,-21.721280771894442,-28.798906165990903,-14.64365537779798,True,-23.45105615397281,,,True
cool_days,40727,Saqez,-24.0498356436463,True,-10.165735382050629,,,True,-20.291819234732227,-26.63929422294899,-13.944344246515461,True,-31.44835101956642,,,True
cool_days,40728,Takab,-22.174974863383987,True,-11.977647372149477,,,True,-18.852285458833673,-25.24152274778424,-12.463048169883105,True,-28.671689496882312,,,True
cool_days,40729,Zanjan,-22.921913980757676,True,-15.397255955318721,,,True,-18.67105154696434,-25.222872594425237,-12.119230499503441,True,-29.260682459216103,,,True
cool_days,40730,Khorramdareh,-18.32239113448452,True,-12.332035745128255,,,True,-15.525420881622711,-22.364059956024427,-8.686781807220996,True,-20.759981913605433,,,True
cool_days,40731,Qazvin,-20.375614551202883,True,-13.970545367577328,,,True,-15.55562268557223,-20.92170437668263,-10.18954099446183,True,-25.046532928017562,,,True
cool_days,40732,Ramsar,-17.667495585265453,True,-6.040298618583568,,,True,-15.279571587860852,-22.430708837974763,-8.12843433774694,True,-26.23170458270594,,,True
cool_days,40734,Nowshahr,-17.715267965359427,True,-5.569796966189012,,,True,-19.128501715614302,-24.911525605229013,-13.345477825999591,True,-17.75185354550097,,,True
cool_days,40736,Babolsar,-18.097035640129548,True,-8.418640588416146,,,True,-17.38376497361162,-24.753709274839117,-10.01382067238412,True,-20.973119548944826,,,True
cool_days,40737,Gharakhil,-16.84340813885764,True,-10.470601555572962,,,True,-19.131982948502596,-25.385227185774283,-12.878738711230909,True,-20.84302852947114,,,True
cool_days,40738,Gorgan,-14.352920425891627,True,-6.682258995967286,,,True,-12.453605845077837,-17.262762079704334,-7.644449610451338,True,-19.06143548297361,,,True
cool_days,40739,Shahrud,-18.17343095460328,True,-4.31370149539314,,,True,-10.766311559764315,-19.372629445191915,-2.1599936743367145,True,-20.59630222290078,,,True
cool_days,40740,Quchan,-12.024903629699901,True,-6.501742715103022,,,True,-12.15615344581763,-20.791097988558885,-3.5212089030763742,True,-13.989787227454295,,,True
cool_days,40741,Sarakhs,-12.403078795181546,True,-2.8946306730679248,,,True,-12.692024933494737,-20.397236760546047,-4.986813106443428,True,-13.7659887269276,,,True
cool_days,40742,Biyarjomand,-15.068493004351248,True,-8.186718042791208,,,True,-13.385968850565009,-22.178682622983935,-4.593255078146084,True,-17.777875375564,,,True
cool_days,40743,Sabzevar,-16.323844541175454,True,-9.131319285667354,,,True,-14.22258768032608,-21.136090755507748,-7.309084605144414,True,-18.064507139366444,,,True
cool_days,40744,Golmakan,-10.278927502571698,True,-5.457814619036553,,,True,-11.204099759889198,-19.559422163429964,-2.84877735634843,True,-17.09276788591764,,,True
cool_days,40745,Mashhad,-14.764651553776472,True,-7.533730499327536,,,True,-13.770395913735108,-21.008329432775653,-6.532462394694561,True,-19.124122127659664,,,True
cool_days,40746,Neyshabur,-15.6736971514119,True,-17.24804650127915,,,True,-11.26955300784429,-17.91504800347238,-4.624058012216201,True,-16.915549400309914,,,True
cool_days,40747,Sanandaj,-22.701536694434335,True,-11.583128425846171,,,True,-15.897482429187146,-21.25199357275182,-10.542971285622471,True,-34.60376346542306,,,True
cool_days,40748,Bijar,-23.68203126313027,True,-14.17751975014882,,,True,-16.03237584425273,-20.710193642515538,-11.354558045989922,True,-32.206118575714214,,,True
cool_days,40749,Zarrineh,-22.103988897645316,True,-14.374738156011665,,,True,-17.337976023030148,-22.574609230344283,-12.101342815716013,True,-28.453948665525164,,,True
cool_days,40751,Tehran (Shemiran),-20.539356314648288,True,-8.426303729173965,,,True,-16.771656693809426,-24.94766798877397,-8.595645398844884,True,-27.182605641373883,,,True
cool_days,40752,Karaj,-17.715210372021048,True,-7.4937040894547575,,,True,-15.52541454751394,-21.102001142365552,-9.948827952662327,True,-22.133080934210973,,,True
cool_days,40754,Tehran (Mehrabad Airport),-14.901009976923175,True,-7.253969427339907,,,True,-9.701250320978424,-17.196815566771377,-2.205685075185472,True,-16.750653364732003,,,True
cool_days,40755,Abali,-21.616842638468913,True,-11.597849814791495,,,True,-17.009552831473982,-22.23250299956801,-11.786602663379956,True,-29.391989131963964,,,True
cool_days,40757,Semnan,-18.01880679189763,True,-7.421471963224554,,,True,-13.850622476371624,-21.341238217491444,-6.360006735251803,True,-23.419146134838844,,,True
cool_days,40758,Garmsar,-18.545522797218144,True,-4.352485166781245,,,True,-12.642301130922855,-22.73901384067478,-2.545588421170928,True,-23.066652162465548,,,True
cool_days,40762,Torbat-E Heydariyeh,-19.027940834186772,True,-14.467948111065349,,,True,-17.367781749320923,-24.768566581205324,-9.966996917436521,True,-22.12681729385177,,,True
cool_days,40763,Kashmar,-18.848064129801525,True,-15.629697883367013,,,True,-17.014733768210526,-23.883676927370338,-10.145790609050714,True,-22.598884490569095,,,True
cool_days,40764,Ravansar,-22.433459646947913,True,-14.200999670806093,,,True,-16.928628574065893,-24.035225337826162,-9.822031810305623,True,-31.90886041289223,,,True
cool_days,40765,Sarpol-E-Zahab,-21.97262663661251,True,-9.06900866565022,,,True,-17.517260786181996,-24.733944843595637,-10.300576728768355,True,-29.660400649093088,,,True
cool_days,40766,Kermanshah,-24.33699720995113,True,-12.480126773319345,,,True,-15.40154136573721,-24.0260293610422,-6.777053370432217,True,-34.59997674615054,,,True
cool_days,40768,Hamedan (Airport),-22.77266329517491,True,-11.738760267102228,,,True,-12.466248229179383,-18.16729159559901,-6.765204862759757,True,-37.56474637279554,,,True
cool_days,40769,Arak,-21.95917341223571,True,-14.019527560678362,,,True,-14.88030941451071,-19.898918138679267,-9.861700690342154,True,-28.7636591963358,,,True
cool_days,40770,Qom,-20.9286062209006,True,-8.931254905649691,,,True,-16.2173178591855,-20.87148169643254,-11.56315402193846,True,-24.406836441362458,,,True
cool_days,40771,Kangavar,-21.75680911333931,True,-15.660310623753354,,,True,-13.562049442594178,-20.07265462608814,-7.051444259100215,True,-32.157642827281556,,,True
cool_days,40772,Qorveh,-23.150805715157457,True,-14.140411605573146,,,True,-18.554129633976924,-26.254485862145327,-10.853773405808521,True,-30.31948776875059,,,True
cool_days,40774,Borujerd,-22.61694428948362,True,-14.732446390771072,,,True,-15.104495046013193,-21.76806146387422,-8.440928628152168,True,-29.252257943889685,,,True
cool_days,40778,Gonabad,-17.09330913838582,True,-17.267205539127872,,,True,-13.511947013345562,-18.82781663003701,-8.196077396654115,True,-21.76596569621136,,,True
cool_days,40779,Eslamabad-E-Gharb,-20.622379355417756,True,-14.976139548084278,,,True,-11.074864827027247,-18.846702067597292,-3.303027586457203,True,-31.637725082801648,,,True
cool_days,40780,Ilam,-25.806467037772634,True,-10.117404663843475,,,True,-20.799877939638055,-26.840480594626364,-14.759275284649744,True,-34.95395987037646,,,True
cool_days,40782,Khorramabad,-24.330843931609166,True,-11.407464136104915,,,True,-16.405416990117384,-23.443800869475197,-9.367033110759573,True,-32.66399200686321,,,True
cool_days,40783,Aligudarz,-24.007552359669543,True,-15.202370008720193,,,True,-13.395785559360291,-19.829159149185806,-6.962411969534776,True,-33.12561075688019,,,True
cool_days,40785,Kashan,-21.038456526156825,True,-16.746103640935022,,,True,-16.270232921099343,-21.523382111796117,-11.017083730402568,True,-25.3572834008141,,,True
cool_days,40787,Daran,-20.56961285612589,True,-16.04401037380338,,,True,-18.514694541406506,-25.730187902696127,-11.299201180116885,True,-24.389099991850294,,,True
cool_days,40789,Khur-Va-Biabanak,-16.925987336620786,True,-6.943010404926948,,,True,-11.925983350886158,-16.37012682623931,-7.481839875533006,True,-20.9192825890399,,,True
cool_days,40790,Robat-E-Poshtebadam,-14.06859317696701,True,-9.975723725267205,,,True,-12.080595880592453,-17.750091078837393,-6.411100682347515,True,-22.332554848317372,,,True
cool_days,40791,Tabas,-18.799644901797187,True,-13.397271585056673,,,True,-21.168419849850704,-27.53336689907681,-14.803472800624595,True,-18.176063192889323,,,True
cool_days,40792,Ferdows,-14.281812883430314,True,-13.594258650328538,,,True,-13.35874442697676,-19.5475258431568,-7.169963010796717,True,-18.711366033137537,,,True
cool_days,40793,Qaen,-17.22082760497264,True,-13.839058368257842,,,True,-14.362214960655846,-20.75814158566421,-7.966288335647484,True,-20.965963802389524,,,True
cool_days,40794,Safiabad (Dezful),-21.98846806776346,True,-12.869564708766358,,,True,-18.26704744931737,-25.47614899925484,-11.057945899379902,True,-26.55349232852182,,,True
cool_days,40796,Dehloran,-22.4544700885206,True,-11.028161671963646,,,True,-18.774813739139937,-25.772594247719255,-11.777033230560619,True,-28.671687781561292,,,True
cool_days,40797,Kuhrang,-23.666220053713126,True,-12.346436639172229,,,True,-21.687822529477874,-29.25627324664621,-14.11937181230954,True,-28.671693519340753,,,True
cool_days,40798,Shahrekord,-20.162495367890447,True,-5.185207654457908,,,True,-16.93414496415694,-23.400300108366245,-10.467989819947633,True,-27.515906824443267,,,True
cool_days,40799,Ardestan,-19.158045337430128,True,-15.150439816075487,,,True,-17.174471167497725,-22.604170786691945,-11.744771548303504,True,-24.502290112870252,,,True
cool_days,40800,Esfahan,-20.59788275003911,True,-10.210365959098633,,,True,-19.97575715721375,-27.08717524657928,-12.864339067848217,True,-23.398738270214736,,,True
cool_days,40801,Naein,-12.998600850678704,True,-8.668990723355634,,,True,-11.773618743492534,-18.38464085351189,-5.162596633473179,True,-18.942706854293743,,,True
cool_days,40802,Esfahan (Airport),-16.02758751585297,True,-5.8930474880745765,,,True,-16.458390365841492,-23.876685359574758,-9.040095372108226,True,-19.38232033682717,,,True
cool_days,40803,Kabutarabad,-20.679210874005193,True,-7.240815987510861,,,True,-18.258472953028882,-26.095010646328287,-10.421935259729477,True,-26.801037503105302,,,True
cool_days,40809,Birjand,-18.21635578551445,True,-14.552380539895331,,,True,-18.668451196825135,-25.643102857947326,-11.693799535702945,True,-19.278552854498724,,,True
cool_days,40810,Bostan,-25.541830280286504,True,-13.285750397802932,,,True,-21.59608078815069,-31.593782387160964,-11.598379189140415,True,-28.426279853840796,,,True
cool_days,40811,Ahvaz,-24.03055933367603,True,-10.13682619132351,,,True,-19.991733109221148,-28.100168239084955,-11.88329797935734,True,-27.613632612803826,,,True
cool_days,40812,Masjedsoleyman,-21.022737198835106,True,-6.056343837232347,,,True,-17.770430558716328,-25.02556099239209,-10.515300125040564,True,-27.679951893624175,,,True
cool_days,40813,Ramhormoz,-22.505814383885944,True,-11.336263353401211,,,True,-19.124123504860208,-25.86713389922719,-12.381113110493223,True,-26.694332922189997,,,True
cool_days,40818,Abadeh,-13.052337391736902,True,-4.901018450895459,,,True,-10.661532070371743,-19.730965392277778,-1.592098748465709,True,-16.594180808437596,,,True
cool_days,40821,Yazd,-15.376867452011112,True,-5.679482394237036,,,True,-12.963018945423707,-21.23020604407791,-4.695831846769504,True,-17.684430905631213,,,True
cool_days,40827,Nehbandan,-18.977844390036758,True,-8.132759445707395,,,True,-17.025031260709955,-24.15969016917757,-9.890372352242341,True,-25.553268115367487,,,True
cool_days,40829,Zabol,-18.570633181871862,True,-9.876621660047332,,,True,-15.821226918540322,-22.80348406185134,-8.838969775229305,True,-19.266019065868598,,,True
cool_days,40831,Abadan,-25.02057802475284,True,-8.112083308517164,,,True,-18.551729254548178,-27.280935032029326,-9.82252347706703,True,-30.955396422378865,,,True
cool_days,40832,Bandar-E- Mahshahr,-17.432161074012434,True,-3.7787544417813264,,,True,-16.17423920251968,-24.234976352426827,-8.113502052612533,True,-21.421369576933692,,,True
cool_days,40833,Omidiyeh (Aghajari),-20.465985349364562,True,-9.261836057750008,,,True,-18.074058465899427,-23.527749349837215,-12.620367581961638,True,-26.17584387872342,,,True
cool_days,40835,Dogonbadan,-13.269509749971194,True,-6.944589589293209,,,True,-12.752335111521843,-20.882946228056678,-4.621723994987008,True,-22.381031403220014,,,True
cool_days,40836,Yasuj,-20.31005897272954,True,-9.420314985345723,,,True,-12.807327856518894,-20.190399736917374,-5.4242559761204125,True,-25.61304863391578,,,True
cool_days,40839,Anar,-13.87051433650785,True,-1.4899238764175076,,,True,-13.464579193502077,-21.351531389588505,-5.57762699741565,True,-21.09444537221887,,,True
cool_days,40841,Kerman,-13.01697896841365,True,-1.2648667677998617,,,True,-9.647018962752487,-17.147857128241668,-2.1461807972633036,True,-18.11516042483187,,,True
cool_days,40844,Dorudzan,-19.68175046631888,True,-5.898409541220364,,,True,-13.755694358987883,-21.05555310029907,-6.455835617676698,True,-31.344827897433806,,,True
cool_days,40847,Zarqan,-19.522419814966806,True,-6.975738041774757,,,True,-15.254654061678107,-24.594718770673445,-5.914589352682768,True,-22.54450289648657,,,True
cool_days,40848,Shiraz,-19.40895229392664,True,-11.653503433019239,,,True,-16.631992430969827,-25.475694686952195,-7.788290174987457,True,-21.881427646797697,,,True
cool_days,40849,Shahrebabak,-17.654834826443576,True,-9.221006948167249,,,True,-13.53854259243957,-21.49976606132985,-5.577319123549289,True,-22.66527350937481,,,True
cool_days,40851,Sirjan,-14.692646649465473,True,-9.221006012935591,,,True,-14.670704883099933,-25.297261511756204,-4.044148254443662,True,-17.34412332000313,,,True
cool_days,40853,Baft,-15.300318719111608,True,-8.4643143428027,,,True,-18.926845739483078,-28.1298270113817,-9.723864467584455,True,-16.174250402077437,,,True
cool_days,40854,Bam,-16.971047967631517,True,-10.794320527620153,,,True,-15.988150344781735,-23.72455575384127,-8.2517449357222,True,-21.70972900188818,,,True
cool_days,40856,Zahedan,-17.72150563526169,True,-12.132664017603654,,,True,-16.428363493644884,-23.537725603865297,-9.319001383424471,True,-21.847754507046258,,,True
cool_days,40857,Bushehr (Coastal),-27.388682425436016,True,-9.819359692345305,,,True,-18.33322679726446,-27.380049916922477,-9.28640367760644,True,-30.422661638567,,,True
cool_days,40858,Bushehr (Airport),-18.720865031830897,True,-7.1527983176761225,,,True,-11.510662094082328,-21.385839776019125,-1.63548441214553,True,-24.85169889821775,,,True
cool_days,40859,Fasa,-17.420378046678852,True,-3.930908853117992,,,True,-14.8803068619218,-24.176346607270336,-5.584267116573265,True,-26.565010052093143,,,True
cool_days,40870,Khash,-16.662743018773508,True,-11.575580925119425,,,True,-15.456720404916705,-23.342957132090753,-7.570483677742658,True,-28.07168416774543,,,True
cool_days,40873,Lar,-17.078109721362214,True,-15.008791929392627,,,True,-12.481079364944069,-20.804884343884616,-4.1572743860035235,True,-21.050482427921327,,,True
cool_days,40875,Bandarabbas,-24.93306912133647,True,-6.527804248808953,,,True,-16.360631213475855,-25.636534793248885,-7.084727633702828,True,-36.814972961219695,,,True
cool_days,40876,Minab,-23.77426231984595,True,-8.599133386243413,,,True,-16.58545923768778,-24.221816762767844,-8.949101712607716,True,-34.43991488015189,,,True
cool_days,40877,Kahnuj,-10.270069727869949,True,-8.276214757570934,,,True,-7.436651963295568,-17.248965022320206,2.375661095729069,True,-21.301525068795552,,,True
cool_days,40878,Saravan,-15.7627536798697,True,-7.006355487910186,,,True,-15.500040357591525,-24.143684815316526,-6.8563958998665235,True,-23.152137681825522,,,True
cool_days,40879,Iranshahr,-17.41843058167669,True,-1.0245795944319436,,,True,-13.739573382400259,-26.510546921650878,-0.9685998431496383,True,-21.601110375654237,,,True
cool_days,40882,Kish Island,-23.67715912692745,True,-8.835159140261926,,,True,-16.448052477085835,-26.00534867938758,-6.890756274784087,True,-33.328266499032196,,,True
cool_days,40883,Bandar-E-Lengeh,-31.667582694990987,True,-2.780196625155944,,,True,-19.35528326203636,-29.23119916151054,-9.47936736256218,True,-39.26377094375968,,,True
cool_days,40889,Siri Island,-24.6185015746896,True,-7.40434716343581,,,True,-17.96630208318588,-24.979025075870766,-10.953579090500996,True,-34.38924984596689,,,True
cool_days,40890,Abumusa Island,-27.018004614467632,True,-6.200686038905414,,,True,-20.332794695658787,-28.83323096269237,-11.832358428625207,True,-40.25136168558347,,,True
cool_days,40893,Jask,-22.736491354413648,True,-8.451447474147203,,,True,-14.421356818412095,-24.111852225021302,-4.730861411802888,True,-26.847023540252028,,,True
cool_days,40898,Chahbahar,-24.50812928751542,True,-4.232158135915542,,,True,-18.44200842642734,-29.81992164580081,-7.064095207053867,True,-40.346760851900854,,,True
cool_days,88187,Jam,-18.747326586676394,True,-6.046012312117242,,,True,-16.585461927413636,-22.892589609046063,-10.278334245781208,True,-22.57887511416297,,,True
cool_days,99331,Tehran (Geophysic),-19.11513391059693,True,-13.247902814222597,,,True,-16.251316104564363,-23.43956130967302,-9.063070899455706,True,-21.149995773852474,,,True
cool_days,99407,Boshruyeh,-14.989303944397411,True,-6.975738019335282,,,True,-13.252741506719966,-19.53367879556061,-6.971804217879322,True,-15.352608038215198,,,True
cool_days,99421,Natanz,-18.787670845778372,True,-14.873541742817391,,,True,-15.125847789305839,-21.646578782044973,-8.605116796566705,True,-21.734647245700362,,,True
cool_days,99459,Borujen,-19.69984771159932,True,-5.870211456365246,,,True,-13.081197965448029,-21.301500252148482,-4.860895678747575,True,-25.19679534470848,,,True
cool_days,99623,Zahak,-18.11719895174504,True,-10.74891433186612,,,True,-16.67595778430926,-24.12383675955145,-9.228078809067075,True,-20.941467067444655,,,True
cool_nights,19996,Bahookalat,-13.944190717055212,True,-10.483783343939495,,,True,-20.6335479621883,-35.26614134836168,-6.000954576014919,True,-18.671070429620258,,,True
cool_nights,40700,Parsabad,-11.82592843336582,True,-4.807117949784891,,,True,-6.546241502211821,-14.417510951935345,1.3250279475117042,True,-14.38174984738214,,,True
cool_nights,40701,Maku,-20.58829598224441,True,-13.196599174805973,,,True,-17.10429560132332,-24.972531472724672,-9.236059729921966,True,-26.162029963650312,,,True
cool_nights,40702,Jolfa,-16.337327093711732,True,-8.870645995659041,,,True,-19.556734540093586,-28.35758292082223,-10.755886159364941,True,-18.065582133780612,,,True
cool_nights,40703,Khoy,-23.35187653811964,True,-13.202286788336409,,,True,-20.782751710047748,-30.815030291497337,-10.750473128598161,True,-26.694335232711587,,,True
cool_nights,40704,Ahar,-13.819217914403279,True,-11.679154237181097,,,True,-10.112303196546033,-16.475636361541007,-3.7489700315510612,True,-15.352609424876452,,,True
cool_nights,40706,Tabriz,-14.198427938589559,True,-7.47425721982211,,,True,-19.207835780187693,-28.880126695044076,-9.535544865331309,True,-10.004700386985219,,,True
cool_nights,40708,Ardebil,-17.499331529441086,True,-11.481510893602822,,,True,-16.428363583461454,-23.96553288315729,-8.891194283765618,True,-24.9165633235175,,,True
cool_nights,40709,Astara,-16.0805515689032,True,-5.051184040191208,,,True,-14.989189810723921,-23.290395682520177,-6.687983938927665,True,-23.90806101046741,,,True
cool_nights,40710,Sarab,-9.9067714011864,True,-6.008038142855689,,,True,-11.408481717623722,-18.775584694348495,-4.041378740898947,True,-8.129700269242633,,,True
cool_nights,40712,Orumiyeh,-13.424007212974843,True,-14.867802793400354,,,True,-11.121273995281246,-25.308289432990925,3.0657414424284326,True,-8.282308778677999,,,True
cool_nights,40713,Maragheh-Synoptic,-20.387071674802097,True,-11.088298186253944,,,True,-19.17790056647129,-27.367771663358887,-10.988029469583692,True,-24.38910428755435,,,True
cool_nights,40716,Mianeh,-18.558781194395863,True,-10.538236687590816,,,True,-13.122071467744616,-20.37465870175662,-5.869484233732614,True,-24.954592867920407,,,True
cool_nights,40717,Khalkhal,-20.511906561477602,True,-7.224159687978969,,,True,-16.967057713561953,-25.281936983208602,-8.652178443915304,True,-22.621671690040237,,,True
cool_nights,40718,Bandar-E-Anzali,-16.110630719975795,True,-4.955934215810698,,,True,-15.367828530186395,-24.63896437370462,-6.09669268666817,True,-20.499231888051256,,,True
cool_nights,40719,Rasht,-16.83430969147139,True,-9.13131752398435,,,True,-18.429649236749157,-26.41325100340516,-10.446047470093152,True,-19.507124025698367,,,True
cool_nights,40723,Bojnurd,-9.406548613146565,True,-8.940113283635302,,,True,-5.76854598233991,-13.012160179629246,1.4750682149494256,True,-11.754209829953151,,,True
cool_nights,40724,Piranshahr,-28.653617947038857,True,-8.067316843618642,,,True,-19.995026255102967,-28.263941907413347,-11.726110602792588,True,-34.094460096912066,,,True
cool_nights,40726,Mahabad,-19.55178451941105,True,-7.2725315866568305,,,True,-16.251318923319637,-26.005708524312645,-6.496929322326631,True,-24.846917235551064,,,True
cool_nights,40727,Saqez,-14.464291536301406,True,-10.165738546152339,,,True,-11.701088612780277,-20.583220322106158,-2.8189569034543975,True,-19.538756885470168,,,True
cool_nights,40728,Takab,-16.647408214808085,True,-12.645223974249559,,,True,-16.891015280418024,-25.49386573619035,-8.288164824645696,True,-18.135482978753966,,,True
cool_nights,40729,Zanjan,-19.49337901618387,True,-13.770394228467653,,,True,-18.48049778305072,-26.035879308305798,-10.92511625779564,True,-20.159207518839818,,,True
cool_nights,40730,Khorramdareh,-23.185443473548055,True,-10.836237185417893,,,True,-19.720116368609855,-25.75448691097079,-13.685745826248919,True,-28.62993338975072,,,True
cool_nights,40731,Qazvin,-19.35944733186014,True,-10.145905341493197,,,True,-15.785549157695515,-21.409145873161478,-10.161952442229552,True,-25.236969359897063,,,True
cool_nights,40732,Ramsar,-25.15938759830434,True,-9.050714551572657,,,True,-15.232015422936419,-22.74852642265242,-7.715504423220417,True,-37.513693402941804,,,True
cool_nights,40734,Nowshahr,-20.79976219131338,True,-14.39289428562055,,,True,-16.934147923769864,-23.56310588645383,-10.305189961085897,True,-25.327142978184867,,,True
cool_nights,40736,Babolsar,-18.60412848477488,True,-7.159208947624346,,,True,-12.808434484961396,-20.09356979967615,-5.523299170246641,True,-24.759043763212883,,,True
cool_nights,40737,Gharakhil,-11.032849126601585,True,-8.131418424031635,,,True,-2.953891190427447e-06,-7.723193137203674,7.723187229421294,True,-14.817566543497051,,,True
cool_nights,40738,Gorgan,-3.3550783660841788,True,-2.8213272635584308,,,True,2.5591867363216094,-14.218490471901884,19.336863944545104,False,-6.875632616365074,,,True
cool_nights,40739,Shahrud,-13.845166407833382,True,-5.056914312488916,,,True,-9.452436680729623,-17.770570433437022,-1.1343029280222243,True,-17.30722156433682,,,True
cool_nights,40740,Quchan,8.200857726137684,False,-1.8569722389372065,,,True,12.74941613847506,-15.074012202149612,40.572844479099736,False,3.157107970447933,,,False
cool_nights,40741,Sarakhs,-9.327875526278525,True,-12.718789441505654,,,True,-9.074619694066946,-17.4866996036982,-0.6625397844356922,True,-10.876574361372269,,,True
cool_nights,40742,Biyarjomand,-16.390852574335042,True,-13.60817801143802,,,True,-19.913192600117764,-27.38579167775606,-12.44059352247947,True,-17.1648475741223,,,True
cool_nights,40743,Sabzevar,-14.03150547927282,True,-7.2541403306284,,,True,-12.186757346324795,-18.776239746938014,-5.597274945711575,True,-29.071645562157318,,,True
cool_nights,40744,Golmakan,-12.786719774742423,True,-8.351330781680309,,,True,-13.08300258239937,-21.87297065277355,-4.293034512025191,True,-17.867397945981836,,,True
cool_nights,40745,Mashhad,-13.742273391344083,True,-8.158528472912598,,,True,-13.185345034462669,-21.557720284527292,-4.812969784398044,True,-14.792711438356797,,,True
cool_nights,40746,Neyshabur,-9.658526782159313,True,-9.22100516717471,,,True,-9.40479552696278,-19.84124807160027,1.0316570176747089,True,-6.656650123225981,,,True
cool_nights,40747,Sanandaj,-21.357806963860366,True,-14.04517804834887,,,True,-12.995018959941115,-21.453239730739078,-4.536798189143152,True,-27.369557316903574,,,True
cool_nights,40748,Bijar,-19.24079664048141,True,-9.868609782885487,,,True,-13.146868010613755,-19.326594634837907,-6.967141386389603,True,-27.853653514829485,,,True
cool_nights,40749,Zarrineh,-12.417186549138513,True,-11.813767733956599,,,True,-13.759445468893407,-20.148298613408706,-7.370592324378109,True,-15.101451382086095,,,True
cool_nights,40751,Tehran (Shemiran),-16.70081446662402,True,-9.992791486244787,,,True,-14.03295705651355,-18.849100092935444,-9.216814020091658,True,-20.15920380182588,,,True
cool_nights,40752,Karaj,-17.43274795221142,True,-15.38622197795518,,,True,-15.791384519567243,-21.710083680941427,-9.87268535819306,True,-20.283413238637564,,,True
cool_nights,40754,Tehran (Mehrabad Airport),-17.015554988685242,True,-8.306184804520866,,,True,-15.36020741123506,-22.146287746334313,-8.574127076135806,True,-19.626101686740395,,,True
cool_nights,40755,Abali,-15.565987000021424,True,-5.262358952995095,,,True,-9.445958338041754,-14.293027386838865,-4.598889289244643,True,-24.604418834997986,,,True
cool_nights,40757,Semnan,-12.550261170094565,True,-6.780345954622395,,,True,-12.718790756976501,-18.48364382597339,-6.953937687979611,True,-15.314478091478069,,,True
cool_nights,40758,Garmsar,-23.454647074121006,True,-4.4285821753707975,,,True,-22.562682299930337,-31.725949799787145,-13.399414800073528,True,-27.51590819939979,,,True
cool_nights,40762,Torbat-E Heydariyeh,-12.278307725068204,True,-12.332038898177302,,,True,-11.481516420009699,-18.36794451172498,-4.595088328294418,True,-14.331605767852443,,,True
cool_nights,40763,Kashmar,-13.935242261691167,True,-7.927105301985733,,,True,-12.014506895210705,-18.210284433323686,-5.818729357097721,True,-18.525598647323136,,,True
cool_nights,40764,Ravansar,-17.893836753592073,True,-6.443879743631546,,,True,-16.8372855952832,-25.983503835205482,-7.691067355360916,True,-21.785400743253625,,,True
cool_nights,40765,Sarpol-E-Zahab,-21.718821951002294,True,-10.68251323336107,,,True,-20.005834637929084,-27.002003638841245,-13.009665637016925,True,-24.734756392108707,,,True
cool_nights,40766,Kermanshah,-16.202213997380696,True,-9.24157994387548,,,True,-15.785427059568466,-24.400677077586167,-7.1701770415507635,True,-19.991734100898526,,,True
cool_nights,40768,Hamedan (Airport),-18.467810773463945,True,-14.045686882943995,,,True,-14.576360628784894,-22.212402914871866,-6.94031834269792,True,-23.990990411767697,,,True
cool_nights,40769,Arak,-17.52429059322954,True,-8.339857169618641,,,True,-13.17447276023983,-19.44142028261391,-6.907525237865748,True,-23.747116863619468,,,True
cool_nights,40770,Qom,-19.30090544034387,True,-7.12988402777514,,,True,-17.164849167805187,-25.741147401285463,-8.58855093432491,True,-22.856848307465125,,,True
cool_nights,40771,Kangavar,-12.327453883813437,True,-14.9998056532096,,,True,-13.60639049272864,-19.471447367704364,-7.741333617752913,True,-8.937755879972345,,,True
cool_nights,40772,Qorveh,-19.760725579419898,True,-9.670302188595342,,,True,-17.851384001555818,-25.084190834469233,-10.618577168642403,True,-25.134172343194756,,,True
cool_nights,40774,Borujerd,-19.650131942954374,True,-15.052043739335694,,,True,-17.735703880130494,-24.85087186058297,-10.62053589967802,True,-22.83139918003287,,,True
cool_nights,40778,Gonabad,-14.252764571914923,True,-9.218488497970883,,,True,-15.437036983651938,-22.979259340825955,-7.8948146264779195,True,-14.296080655734727,,,True
cool_nights,40779,Eslamabad-E-Gharb,-18.401323167046346,True,-13.825008839743557,,,True,-17.357526325049818,-26.691824489897456,-8.02322816020218,True,-20.626911232466547,,,True
cool_nights,40780,Ilam,-4.477984153360656,True,-7.162771100477342,,,True,-2.684704527804676,-25.41584470251857,20.046435646909217,True,-36.992137760313106,,,True
cool_nights,40782,Khorramabad,-25.830779973427894,True,-12.645185960419024,,,True,-30.0206116525874,-40.401990873922344,-19.63923243125246,True,-28.141270101211877,,,True
cool_nights,40783,Aligudarz,-18.63621772074641,True,-10.940913740517173,,,True,-13.989912485135852,-22.193507204748606,-5.786317765523098,True,-26.66592947362943,,,True
cool_nights,40785,Kashan,-26.335248632207385,True,-11.84233105926623,,,True,-20.01641677813604,-27.747552486664702,-12.285281069607379,True,-33.53407056443572,,,True
cool_nights,40787,Daran,-20.94933757871515,True,-11.501676111007637,,,True,-17.496074004180354,-24.839348761887727,-10.152799246472979,True,-30.589398008312983,,,True
cool_nights,40789,Khur-Va-Biabanak,-20.80624663070393,True,-6.139849262807397,,,True,-17.918449731553373,-24.688741276264587,-11.14815818684216,True,-24.38390497463251,,,True
cool_nights,40790,Robat-E-Poshtebadam,-11.40284730865561,True,-3.9810692269889065,,,True,-12.053967077330558,-18.68237135298095,-5.425562801680165,True,-7.956882809138669,,,True
cool_nights,40791,Tabas,-16.280071503428687,True,-12.358415195132174,,,True,-17.7656230021904,-24.54785969509639,-10.983386309284409,True,-15.900629485007691,,,True
cool_nights,40792,Ferdows,-20.433424834373405,True,-5.870075700953309,,,True,-20.618492662922826,-29.863080150844944,-11.373905175000706,True,-19.69144656041532,,,True
cool_nights,40793,Qaen,-15.870210277921249,True,-8.612532734206724,,,True,-19.03264716670551,-25.465728787177312,-12.599565546233706,True,-17.00205735386399,,,True
cool_nights,40794,Safiabad (Dezful),-18.571061594898797,True,-15.65115903970838,,,True,-19.256508629714734,-27.878458931018862,-10.634558328410606,True,-21.472449997646958,,,True
cool_nights,40796,Dehloran,-20.075151990077774,True,-6.741038606210772,,,True,-18.442009103328616,-27.68221323447542,-9.20180497218181,True,-27.18261573144322,,,True
cool_nights,40797,Kuhrang,-12.179353864939394,True,-4.666699479025158,,,True,-8.808925346398567,-15.88768622531941,-1.7301644674777252,True,-18.32273697568444,,,True
cool_nights,40798,Shahrekord,1.6422900473790127,False,-10.737857265046285,,,True,0.3457130799161635,-27.211467427014696,27.90289358684702,False,11.20547334449391,,,False
cool_nights,40799,Ardestan,-20.073002044032386,True,-13.725899019455554,,,True,-14.057010876155692,-20.24683768956953,-7.8671840627418534,True,-25.23698607399483,,,True
cool_nights,40800,Esfahan,-6.170003154174441,True,0.9404786285608857,,,False,-10.714103911783681,-20.767293302762564,-0.6609145208047984,True,-22.465625467435267,,,True
cool_nights,40801,Naein,-15.566924655407277,True,-10.908788893093275,,,True,-15.818829810292469,-24.666771750824935,-6.97088786976,True,-18.934664845253476,,,True
cool_nights,40802,Esfahan (Airport),-0.41346502780686745,True,1.7882032601916589,,,False,2.06937388103532,-18.350178201015616,22.488925963086253,False,-3.111408853885247,,,True
cool_nights,40803,Kabutarabad,-18.681482245479902,True,-10.124758921142963,,,True,-16.726231180189334,-25.570228470356128,-7.88223389002254,True,-26.871495008820613,,,True
cool_nights,40809,Birjand,-11.660740344311304,True,-1.4563588619992336,,,True,-12.150149663356782,-17.78619504282831,-6.514104283885253,True,-11.138601519212845,,,True
cool_nights,40810,Bostan,-17.491642012845194,True,-8.870640347957611,,,True,-17.104296149559037,-27.06513264269023,-7.143459656427842,True,-27.783975086708086,,,True
cool_nights,40811,Ahvaz,-19.077191751296336,True,-13.205910856596043,,,True,-12.153961816531455,-19.49544709097457,-4.812476542088341,True,-23.45105840425791,,,True
cool_nights,40812,Masjedsoleyman,-16.18336944705868,True,-10.520766719067485,,,True,-16.242693849287036,-23.00185277078783,-9.483534927786241,True,-19.824645994820322,,,True
cool_nights,40813,Ramhormoz,-25.238891620783843,True,-9.211706689120584,,,True,-18.60196687976614,-26.650980664098405,-10.552953095433876,True,-30.070489319058254,,,True
cool_nights,40818,Abadeh,-17.427328633181197,True,-11.137112125624066,,,True,-13.396882474151395,-19.824452146783756,-6.969312801519035,True,-20.515959724727168,,,True
cool_nights,40821,Yazd,-20.88931519137422,True,-10.755171260447243,,,True,-17.65251064663411,-26.726648431353233,-8.578372861914985,True,-22.64394405225315,,,True
cool_nights,40827,Nehbandan,-9.053535074001363,True,-9.676391377451758,,,True,-11.89864391204783,-19.50162632201815,-4.295661502077507,True,-6.011068615268951,,,True
cool_nights,40829,Zabol,-5.941782961858378,True,-10.289672999790705,,,True,-6.372934447498926,-14.362235368622954,1.6163664736251038,True,-1.1834188344748429,,,True
cool_nights,40831,Abadan,-20.752547878831564,True,-14.784399610448048,,,True,-18.149967243455613,-25.871054068587885,-10.428880418323342,True,-24.501054288761033,,,True
cool_nights,40832,Bandar-E- Mahshahr,-17.946838625367004,True,-13.862366648310623,,,True,-19.91318573942786,-27.273330040841067,-12.553041438014652,True,-17.36660931003321,,,True
cool_nights,40833,Omidiyeh (Aghajari),-17.44406285314351,True,-13.632186663718798,,,True,-19.256506747261028,-27.945119761398605,-10.567893733123451,True,-17.001145404477366,,,True
cool_nights,40835,Dogonbadan,-17.463057715040897,True,-12.014049562612358,,,True,-5.300496515259796,-11.828761148338938,1.2277681178193474,True,-21.115271548414658,,,True
cool_nights,40836,Yasuj,-11.977265940642685,True,-4.609882849920894,,,True,-16.443796589492536,-34.36941218306009,1.4818190040750174,True,-28.979097732886476,,,True
cool_nights,40839,Anar,-14.249362252056631,True,-13.247895233681042,,,True,-16.915538887714735,-24.575924951248993,-9.255152824180476,True,-13.459943482557172,,,True
cool_nights,40841,Kerman,-13.589730835433592,True,-7.750822085397523,,,True,-9.011909119993131,-16.526168675224127,-1.497649564762133,True,-16.19576541950338,,,True
cool_nights,40844,Dorudzan,-5.008810809760605,True,-4.50423175174556e-06,,,True,6.140036252275551,-21.44236482218941,33.72243732674051,False,-9.469459115797841,,,True
cool_nights,40847,Zarqan,-17.244587331263826,True,-8.317420762857072,,,True,-13.97054344029264,-21.327260180640693,-6.61382669994459,True,-23.568022180807333,,,True
cool_nights,40848,Shiraz,-12.776342506480038,True,-6.20989960705334,,,True,-12.371073422747376,-39.16562873446726,14.42348188897251,True,-20.714221714375075,,,True
cool_nights,40849,Shahrebabak,-6.565275270075793,True,-4.677646902520624,,,True,-8.84773422870226,-16.45379324959672,-1.2416752078078002,True,-3.5502481029173483,,,True
cool_nights,40851,Sirjan,-9.912922006697935,True,-8.817782183138418,,,True,-13.185346545938676,-20.810997465119726,-5.559695626757625,True,-7.579872748774442,,,True
cool_nights,40853,Baft,-21.51230670334315,True,-14.159820193256444,,,True,-18.310965914072064,-25.905616523386595,-10.716315304757533,True,-24.605689921537465,,,True
cool_nights,40854,Bam,-19.544302310826208,True,-14.13049509539783,,,True,-20.291822181053497,-26.917554132189192,-13.666090229917803,True,-18.71136878751737,,,True
cool_nights,40856,Zahedan,-10.654916695370236,True,-13.838703514090238,,,True,-9.354808379164355,-17.28325023282659,-1.4263665255021225,True,-8.529223925116305,,,True
cool_nights,40857,Bushehr (Coastal),-21.278347245198358,True,-10.111557014561516,,,True,-16.902883263862574,-23.417260054152408,-10.388506473572741,True,-28.694099932722153,,,True
cool_nights,40858,Bushehr (Airport),-18.97321340105327,True,-9.783455356733489,,,True,-17.366568131625964,-24.656840010712692,-10.076296252539237,True,-23.52040765912409,,,True
cool_nights,40859,Fasa,-21.487796056379413,True,-9.289150758833596,,,True,-17.737882595147294,-25.140527661084548,-10.33523752921004,True,-28.766623768083225,,,True
cool_nights,40870,Khash,-15.61480873643181,True,-12.560438973109349,,,True,-17.031009234433427,-25.16650773255946,-8.895510736307395,True,-13.015381942665433,,,True
cool_nights,40873,Lar,-19.58359028675759,True,-5.056913731293405,,,True,-15.413982070027062,-24.02365041290846,-6.804313727145665,True,-27.93483472268438,,,True
cool_nights,40875,Bandarabbas,-12.602648107463375,True,-9.551164681890942,,,True,-12.279221120276764,-21.265442834880833,-3.2929994056726954,True,-15.634037508209449,,,True
cool_nights,40876,Minab,-15.137392781832014,True,-12.995006014932391,,,True,-17.92963150204764,-29.752335661879066,-6.106927342216215,True,-19.116338648411464,,,True
cool_nights,40877,Kahnuj,-11.537379977770422,True,-8.854004481411389,,,True,-12.297137404431812,-19.48044487914077,-5.113829929722856,True,-7.375971090516024,,,True
cool_nights,40878,Saravan,-11.039893384339294,True,-8.724027244762274,,,True,-10.404888391447074,-18.256647822282396,-2.553128960611751,True,-11.33295307231001,,,True
cool_nights,40879,Iranshahr,-9.802307868467775,True,-12.637766374696726,,,True,-10.756425965866653,-19.991711823717434,-1.5211401080158709,True,-8.129700195207295,,,True
cool_nights,40882,Kish Island,-31.62703912367908,True,-1.3522265658794963,,,True,-13.03782184563518,-21.331919644580942,-4.743724046689417,True,-41.27386654914521,,,True
cool_nights,40883,Bandar-E-Lengeh,-27.00017889616047,True,-4.909680649648258,,,True,-13.991229544324568,-22.580988165043944,-5.401470923605192,True,-36.991186806342036,,,True
cool_nights,40889,Siri Island,-29.67251703713562,True,-6.900659946488985,,,True,-19.55748522340496,-28.046823600692917,-11.068146846117003,True,-38.45973835531003,,,True
cool_nights,40890,Abumusa Island,-24.878035611456323,True,-7.718199245572492,,,True,-9.87503427522091,-19.511645199126562,-0.2384233513152587,True,-37.899361973418394,,,True
cool_nights,40893,Jask,-18.548662584135876,True,-7.951643180903218,,,True,-18.461295631987596,-26.875073878971666,-10.047517385003527,True,-25.443459488811236,,,True
cool_nights,40898,Chahbahar,-18.73130590638702,True,-7.850270120352947,,,True,-12.160736796999377,-20.445917895087476,-3.8755556989112776,True,-29.458094203002496,,,True
cool_nights,88187,Jam,-15.752689828117237,True,-13.283969923525571,,,True,-19.37705086125664,-25.667004601525964,-13.08709712098732,True,-14.500624884932417,,,True
cool_nights,99331,Tehran (Geophysic),-11.103389723663918,True,-2.8842771014869375,,,True,-8.229367200487694,-17.16758031343363,0.7088459124582407,True,-18.52560007145396,,,True
cool_nights,99407,Boshruyeh,-13.43600459553967,True,-16.019776457079203,,,True,-14.541971364799608,-21.244975901309733,-7.8389668282894815,True,-8.238991714799623,,,True
cool_nights,99421,Natanz,-17.647424203756213,True,-9.128314820951992,,,True,-15.62022430088493,-20.681123742387797,-10.559324859382063,True,-22.178155254803535,,,True
cool_nights,99459,Borujen,-16.958244587807343,True,-18.17744766123062,,,True,-15.202370352851867,-21.37965740629071,-9.025083299413023,True,-17.2563052220787,,,True
cool_nights,99623,Zahak,-11.671948275817952,True,-11.293309976461165,,,True,-13.015381408048922,-20.715321289525782,-5.315441526572063,True,-11.645457230255303,,,True
