joint_change,dry_marginal,hot_marginal,excess_joint,station_id,precip_threshold,temperature_threshold,zero_precip_threshold,dry_early_pct,hot_early_pct,joint_early_pct,dry_late_pct,hot_late_pct,joint_late_pct,joint_change_ci_low,joint_change_ci_high,dry_marginal_ci_low,dry_marginal_ci_high,hot_marginal_ci_low,hot_marginal_ci_high,excess_joint_ci_low,excess_joint_ci_high,definition,scenario
0.0,-1.3840830449826986,0.0,1.3840830449826986,40700,207.81,16.23620178041543,False,23.52941176470588,23.52941176470588,5.88235294117647,17.647058823529413,23.52941176470588,5.88235294117647,-11.764705882352942,23.529411764705884,-4.671280276816608,11.072664359861593,-3.4602076124567476,12.456747404844293,-14.878892733564014,10.380622837370241,annual,primary
-5.88235294117647,-4.1522491349480966,4.1522491349480966,-5.88235294117647,40701,235.89,12.049523809523809,False,23.52941176470588,23.52941176470588,11.76470588235294,11.76470588235294,47.05882352941176,5.88235294117647,-17.647058823529413,41.17647058823529,-6.245674740484428,18.166089965397923,0.0,26.643598615916954,-21.10726643598616,9.688581314878894,annual,primary
0.0,-4.844290657439446,6.228373702422145,-1.3840830449826993,40702,155.51999999999998,16.293731343283582,False,23.52941176470588,23.52941176470588,11.76470588235294,11.76470588235294,58.82352941176471,11.76470588235294,-17.647058823529413,41.17647058823529,-8.304498269896193,17.64705882352941,0.6920415224913495,22.837370242214526,-15.570934256055358,13.84083044982699,annual,primary
0.0,-4.844290657439446,6.228373702422145,-1.3840830449826993,40703,207.23000000000002,13.59031339031339,False,23.52941176470588,23.52941176470588,11.76470588235294,11.76470588235294,58.82352941176471,11.76470588235294,-17.647058823529413,41.47058823529518,-8.304498269896193,23.52941176470588,1.0380622837370246,27.681660899653977,-23.18339100346021,8.650519031141869,annual,primary
17.647058823529413,7.785467128027681,13.321799307958477,-3.4602076124567436,40704,265.08,11.893538461538462,False,23.52941176470588,23.52941176470588,11.76470588235294,41.17647058823529,64.70588235294117,29.411764705882355,-5.882352941176472,52.941176470588225,-2.7681660899653973,24.913494809688576,1.7301038062283736,28.572664359861687,-18.685121107266433,13.494809688581313,annual,primary
5.882352941176472,3.8062283737024227,5.190311418685121,-3.114186851211072,40706,218.92000000000002,14.079827089337176,False,23.52941176470588,23.52941176470588,11.76470588235294,35.294117647058826,41.17647058823529,17.647058823529413,-11.76470588235294,35.29411764705882,-3.4602076124567476,12.975778546712801,-2.422145328719723,17.1280276816609,-15.916955017301039,13.84083044982699,annual,primary
29.411764705882355,10.380622837370241,14.53287197231834,4.498269896193774,40708,251.92,10.45625,False,23.52941176470588,23.52941176470588,5.88235294117647,47.05882352941176,64.70588235294117,35.294117647058826,0.0,64.70588235294117,-3.4602076124567485,32.35294117647059,3.1141868512110724,34.2560553633218,-15.224913494809684,13.84083044982699,annual,primary
17.64705882352941,2.941176470588236,14.013840830449825,0.692041522491349,40709,1267.81,15.911506849315067,False,23.52941176470588,23.52941176470588,5.88235294117647,29.411764705882355,76.47058823529412,23.52941176470588,-11.76470588235294,35.294117647058826,-10.380622837370241,18.166089965397926,4.325259515570934,22.16262975778553,-14.550173010380627,8.304498269896193,annual,primary
11.76470588235294,7.266435986159168,11.418685121107265,-6.920415224913494,40710,224.96,9.671469740634006,False,23.52941176470588,23.52941176470588,11.76470588235294,41.17647058823529,58.82352941176471,23.52941176470588,-11.764705882352942,58.82352941176471,0.0,29.420415224913523,2.0761245674740487,31.141868512110722,-23.183391003460212,10.726643598615917,annual,primary
-5.882352941176472,-2.249134948096885,6.055363321799308,-9.688581314878894,40712,230.62,12.257848837209302,False,23.52941176470588,23.52941176470588,17.647058823529413,17.647058823529413,52.94117647058824,11.76470588235294,-17.647058823529413,41.17647058823529,-6.920415224913495,18.685121107266436,-1.038062283737024,26.989619377162626,-17.993079584775085,7.9584775086505175,annual,primary
29.411764705882348,14.705882352941178,20.242214532871966,-5.536332179930796,40713,244.96,14.307267441860464,False,23.52941176470588,23.52941176470588,11.76470588235294,52.94117647058824,76.47058823529412,41.17647058823529,5.88235294117647,82.35294117647058,0.0,42.733564013840834,4.498269896193772,43.59861591695501,-14.878892733564014,14.186851211072666,annual,primary
17.647058823529413,8.996539792387543,10.380622837370241,-1.7301038062283711,40716,259.86,15.264306784660768,False,23.52941176470588,23.52941176470588,11.76470588235294,47.05882352941176,52.94117647058824,29.411764705882355,-11.764705882352942,58.82352941176471,-2.5951557093425603,27.681660899653977,0.0,30.44982698961937,-19.723183391003463,15.22491349480969,annual,primary
0.0,-2.7681660899653973,9.688581314878892,-6.920415224913497,40717,316.14,9.206489675516224,False,23.52941176470588,23.52941176470588,11.76470588235294,17.647058823529413,70.58823529411765,11.76470588235294,-11.764705882352942,76.47058823529412,-7.26643598615917,36.15916955017301,4.1522491349480966,38.23529411764706,-18.68512110726644,10.380622837370252,annual,primary
11.76470588235294,-2.7681660899653973,9.688581314878892,4.844290657439444,40718,1442.72,17.354518072289157,False,23.52941176470588,23.52941176470588,0.0,17.647058823529413,70.58823529411765,11.76470588235294,-5.88235294117647,29.411764705882355,-11.76470588235294,8.823529411764705,2.076124567474049,17.301038062283737,-8.304498269896193,12.802768166089967,annual,primary
29.411764705882355,7.266435986159168,11.418685121107265,10.72664359861592,40719,1156.12,17.140751445086703,False,23.52941176470588,23.52941176470588,5.88235294117647,41.17647058823529,58.82352941176471,35.294117647058826,0.0,52.94117647058824,0.0,23.010380622837374,4.671280276816608,29.074394463667854,-12.456747404844291,20.069204152249135,annual,primary
29.411764705882348,11.072664359861593,16.608996539792386,1.7301038062283682,40723,212.95,13.237808219178083,False,23.52941176470588,23.52941176470588,11.76470588235294,47.05882352941176,70.58823529411765,41.17647058823529,11.76470588235294,70.58823529411764,0.0,39.44636678200692,6.920415224913495,39.44636678200692,-16.262975778546707,13.840830449826989,annual,primary
-5.88235294117647,-7.785467128027681,6.055363321799309,-4.1522491349480966,40724,525.23,13.60207715133531,False,23.52941176470588,23.52941176470588,11.76470588235294,5.88235294117647,64.70588235294117,5.88235294117647,-17.647058823529413,47.05882352941176,-13.84083044982699,17.301038062283737,2.0761245674740483,26.989619377162626,-17.993079584775085,5.882352941176472,annual,primary
5.882352941176469,2.5951557093425612,10.899653979238755,-7.612456747404848,40726,331.18999999999994,13.952380952380953,False,23.52941176470588,23.52941176470588,17.647058823529413,29.411764705882355,64.70588235294117,23.52941176470588,-11.764705882352942,76.47058823529412,-5.190311418685121,35.29411764705882,0.0,38.23529411764706,-18.33910034602076,10.726643598615919,annual,primary
17.647058823529413,3.4602076124567485,18.685121107266433,-4.498269896193772,40727,371.14,11.300546448087431,False,23.52941176470588,23.52941176470588,11.76470588235294,29.411764705882355,94.11764705882352,29.411764705882355,-17.647058823529413,76.47058823529412,-10.899653979238757,36.332179930795846,4.48961937716263,41.17647058823529,-21.107266435986155,10.03460207612457,annual,primary
17.647058823529413,7.785467128027681,13.321799307958477,-3.4602076124567436,40728,276.67999999999995,10.256811594202897,False,23.52941176470588,23.52941176470588,11.76470588235294,41.17647058823529,64.70588235294117,29.411764705882355,-23.52941176470588,47.05882352941176,-7.785467128027683,19.377162629757784,2.0761245674740483,26.643598615916954,-17.993079584775085,10.726643598615917,annual,primary
17.647058823529413,3.287197231833911,17.1280276816609,-2.7681660899653946,40729,255.36,11.260330578512397,False,23.52941176470588,23.52941176470588,11.76470588235294,29.411764705882355,88.23529411764706,29.411764705882355,-5.882352941176472,64.70588235294117,-5.536332179930796,29.06574394463668,6.055363321799308,33.910034602076124,-17.993079584775085,9.688581314878903,annual,primary
5.882352941176472,1.7301038062283742,3.1141868512110737,1.0380622837370248,40730,241.63,13.477534246575344,False,23.52941176470588,23.52941176470588,11.76470588235294,29.411764705882355,35.294117647058826,17.647058823529413,-11.764705882352942,41.17647058823529,-3.633217993079584,19.377162629757787,-2.422145328719723,22.491349480968857,-18.339100346020764,13.14878892733564,annual,primary
29.411764705882348,11.072664359861593,16.608996539792386,1.7301038062283682,40731,284.69,14.14010989010989,False,23.52941176470588,23.52941176470588,11.76470588235294,47.05882352941176,70.58823529411765,41.17647058823529,0.0,70.58823529411764,-3.122837370242215,35.29411764705882,5.536332179930796,37.370242214532865,-14.878892733564014,12.456747404844295,annual,primary
5.88235294117647,-6.228373702422145,10.38062283737024,1.7301038062283738,40732,948.98,17.05142857142857,False,23.52941176470588,23.52941176470588,5.88235294117647,11.76470588235294,82.35294117647058,11.76470588235294,-11.76470588235294,23.52941176470588,-13.84083044982699,4.844290657439448,4.844290657439446,17.301038062283737,-11.764705882352944,10.380622837370243,annual,primary
23.52941176470588,3.1141868512110737,15.570934256055361,4.844290657439449,40734,1182.89,16.800273972602742,False,23.52941176470588,23.52941176470588,5.88235294117647,29.411764705882355,82.35294117647058,29.411764705882355,-5.88235294117647,41.17647058823529,-10.899653979238753,16.435986159169545,5.536332179930796,26.989619377162626,-8.996539792387543,14.186851211072666,annual,primary
17.647058823529413,5.1903114186851225,12.110726643598618,0.3460207612456731,40736,805.0,18.184931506849313,False,23.52941176470588,23.52941176470588,11.76470588235294,35.294117647058826,64.70588235294117,29.411764705882355,5.882352941176469,47.05882352941176,0.0,18.685121107266436,4.671280276816608,24.74048442906574,-11.072664359861593,17.99307958477509,annual,primary
29.411764705882348,11.76470588235294,18.68512110726643,-1.0380622837370221,40737,658.8899999999999,17.61278409090909,False,23.52941176470588,23.52941176470588,11.76470588235294,47.05882352941176,76.47058823529412,41.17647058823529,11.76470588235294,58.82352941176471,3.4602076124567485,29.584775086505182,9.342560553633216,33.73702422145328,-13.494809688581316,11.76470588235294,annual,primary
23.529411764705884,10.380622837370243,4.844290657439447,8.304498269896195,40738,469.66999999999996,18.51344537815126,False,23.52941176470588,23.52941176470588,11.76470588235294,58.82352941176471,35.294117647058826,35.294117647058826,-5.882352941176472,58.82352941176471,3.4602076124567476,26.47058823529412,-4.844290657439446,25.951557093425603,-9.688581314878894,19.377162629757787,annual,primary
11.764705882352942,4.152249134948097,6.920415224913495,0.692041522491349,40739,127.76999999999998,15.419178082191781,False,23.52941176470588,23.52941176470588,5.88235294117647,35.294117647058826,47.05882352941176,17.647058823529413,-11.76470588235294,64.70588235294117,-3.1141868512110724,27.68166089965398,1.0380622837370246,29.411764705882348,-16.280276816609,22.145328719723185,annual,primary
-5.882352941176472,0.0,-1.3840830449826986,-4.498269896193772,40740,271.63,13.275342465753425,False,23.52941176470588,23.52941176470588,17.647058823529413,23.52941176470588,17.647058823529413,11.76470588235294,-17.647058823529413,17.647058823529413,-1.7301038062283738,9.688581314878894,-6.7474048442906565,4.844290657439446,-17.301038062283737,9.688581314878892,annual,primary
17.64705882352941,3.8062283737024227,5.190311418685121,8.650519031141869,40741,170.0,19.361095890410958,False,23.52941176470588,23.52941176470588,5.88235294117647,35.294117647058826,41.17647058823529,23.52941176470588,-5.88235294117647,47.05882352941176,-2.768166089965398,19.377162629757787,-3.633217993079584,22.145328719723185,-10.380622837370243,22.837370242214533,annual,primary
47.05882352941176,19.377162629757787,20.761245674740486,6.920415224913492,40743,147.41,18.23890410958904,False,23.52941176470588,23.52941176470588,11.76470588235294,64.70588235294117,70.58823529411765,58.82352941176471,23.52941176470588,76.47058823529412,7.612456747404845,37.370242214532865,7.612456747404845,38.23529411764706,-13.494809688581316,18.685121107266436,annual,primary
29.411764705882355,11.072664359861593,16.608996539792386,1.7301038062283725,40745,210.90000000000003,15.78551912568306,False,23.52941176470588,23.52941176470588,5.88235294117647,47.05882352941176,70.58823529411765,35.294117647058826,-5.882352941176472,52.94117647058824,-5.536332179930796,23.529411764705884,6.920415224913494,29.065743944636672,-15.934256055363326,11.764705882352947,annual,primary
0.0,0.0,1.384083044982699,-1.3840830449826993,40746,191.1,15.479452054794521,False,23.52941176470588,23.52941176470588,11.76470588235294,23.52941176470588,29.411764705882355,11.76470588235294,-11.76470588235294,35.294117647058826,-4.498269896193772,15.7439446366782,-4.671280276816609,16.608996539792386,-11.76470588235294,20.41522491349481,annual,primary
41.17647058823529,23.010380622837374,28.54671280276816,-10.38062283737024,40747,367.51,14.331506849315069,False,23.52941176470588,23.52941176470588,11.76470588235294,64.70588235294117,88.23529411764706,52.94117647058824,-11.764705882352942,70.58823529411764,-4.498269896193772,37.370242214532865,4.671280276816608,38.75432525951557,-21.107266435986155,1.3840830449827126,annual,primary
11.76470588235294,4.844290657439447,10.380622837370243,-3.460207612456749,40748,302.03999999999996,12.14016393442623,False,23.52941176470588,23.52941176470588,11.76470588235294,35.294117647058826,58.82352941176471,23.52941176470588,-17.64705882352941,41.17647058823529,-2.5951557093425603,17.647058823529413,0.0,24.913494809688576,-19.377162629757784,9.342560553633218,annual,primary
41.17647058823529,13.84083044982699,17.99307958477509,9.342560553633216,40749,370.89,8.925205479452055,False,23.52941176470588,23.52941176470588,5.88235294117647,52.94117647058824,70.58823529411765,47.05882352941176,5.88235294117647,76.47058823529412,0.0,36.332179930795846,6.920415224913494,37.370242214532865,-13.148788927335648,19.031141868512105,annual,primary
41.17647058823529,17.647058823529413,21.799307958477502,1.7301038062283738,40751,383.05999999999995,15.89724517906336,False,23.52941176470588,23.52941176470588,11.76470588235294,58.82352941176471,76.47058823529412,52.94117647058824,5.882352941176469,82.35294117647058,-6.57439446366782,41.522491349480966,6.228373702422145,42.733564013840834,-12.110726643598618,14.186851211072666,annual,primary
0.0,8.304498269896195,0.0,-8.304498269896195,40752,240.2,16.829781420765027,False,23.52941176470588,23.52941176470588,11.76470588235294,58.82352941176471,23.52941176470588,11.76470588235294,-17.647058823529413,41.17647058823529,0.0,20.242214532871973,-8.304498269896193,14.532871972318343,-19.723183391003456,9.342560553633218,annual,primary
35.29411764705882,13.494809688581313,12.110726643598616,9.688581314878892,40754,195.76,18.69150684931507,False,23.52941176470588,23.52941176470588,5.88235294117647,58.82352941176471,52.94117647058824,41.17647058823529,5.88235294117647,70.58823529411765,-2.422145328719723,36.15916955017301,2.0761245674740483,34.2560553633218,-6.574394463667805,20.06920415224914,annual,primary
-5.88235294117647,3.114186851211072,-3.8062283737024214,-5.190311418685121,40755,439.33,10.18958904109589,False,23.52941176470588,23.52941176470588,11.76470588235294,41.17647058823529,11.76470588235294,5.88235294117647,-17.647058823529413,35.29411764705882,-1.2110726643598617,13.321799307958477,-8.996539792387543,8.996539792387543,-18.33910034602076,15.916955017301039,annual,primary
58.82352941176471,24.913494809688576,23.529411764705884,10.380622837370252,40757,128.57999999999998,18.687978142076503,False,23.52941176470588,23.52941176470588,5.88235294117647,76.47058823529412,70.58823529411765,64.70588235294117,-11.76470588235294,82.35294117647058,-6.920415224913495,41.17647058823529,5.190311418685121,41.17647058823529,-13.14878892733564,18.685121107266433,annual,primary
58.82352941176471,26.29757785467128,30.44982698961937,2.076124567474054,40758,116.23999999999998,19.513698630136986,False,23.52941176470588,23.52941176470588,11.76470588235294,70.58823529411765,88.23529411764706,70.58823529411765,-17.647058823529413,82.35294117647058,-3.8062283737024223,39.96539792387543,2.2491349480968856,42.733564013840834,-15.588235294117649,13.84083044982699,annual,primary
47.05882352941176,23.35640138408304,20.58823529411765,3.1141868512110773,40762,236.61,14.617857142857142,False,23.52941176470588,23.52941176470588,11.76470588235294,76.47058823529412,64.70588235294117,58.82352941176471,11.76470588235294,82.35294117647058,12.110726643598618,41.522491349480966,9.688581314878892,41.17647058823529,-17.6643598615917,13.494809688581322,annual,primary
17.64705882352941,11.072664359861593,0.0,6.574394463667818,40763,162.03,19.33753424657534,False,23.52941176470588,23.52941176470588,5.88235294117647,70.58823529411765,23.52941176470588,23.52941176470588,0.0,58.82352941176471,2.4221453287197234,27.681660899653977,-8.304498269896193,26.470588235294112,-9.342560553633216,20.415224913494807,annual,primary
5.882352941176472,2.4221453287197234,9.342560553633218,-5.88235294117647,40764,417.45000000000005,15.95892857142857,False,23.52941176470588,23.52941176470588,11.76470588235294,29.411764705882355,58.82352941176471,17.647058823529413,-11.764705882352942,41.17647058823529,-2.7768166089965396,23.01038062283737,0.0,26.643598615916954,-20.06920415224914,11.072664359861593,annual,primary
23.529411764705884,6.2283737024221475,17.301038062283737,1.3877787807814457e-15,40765,347.90000000000003,20.71391304347826,False,23.52941176470588,23.52941176470588,11.76470588235294,35.294117647058826,82.35294117647058,35.294117647058826,11.76470588235294,58.82352941176471,0.0,28.02768166089965,9.688581314878892,33.21799307958477,-11.782006920415226,14.532871972318334,annual,primary
11.76470588235294,4.152249134948097,6.920415224913495,0.6920415224913476,40766,357.94,16.20991253644315,False,23.52941176470588,23.52941176470588,11.76470588235294,35.294117647058826,47.05882352941176,23.52941176470588,-11.764705882352942,58.82352941176471,-4.1522491349480966,28.572664359861687,-0.6920415224913495,30.44982698961937,-13.494809688581316,11.764705882352944,annual,primary
35.29411764705882,18.685121107266436,24.221453287197228,-7.612456747404843,40768,270.35999999999996,12.227138643067846,False,23.52941176470588,23.52941176470588,17.647058823529413,58.82352941176471,82.35294117647058,52.94117647058824,5.882352941176472,76.47058823529412,3.1141868512110737,38.06228373702422,7.26643598615917,40.484429065743946,-17.993079584775085,12.45674740484429,annual,primary
29.411764705882355,7.785467128027681,13.321799307958477,8.304498269896198,40769,249.60000000000002,15.027167630057802,False,23.52941176470588,23.52941176470588,5.88235294117647,41.17647058823529,64.70588235294117,35.294117647058826,0.0,58.82352941176471,0.0,24.91349480968858,-1.384083044982699,28.02768166089965,-7.26643598615917,21.453287197231834,annual,primary
58.82352941176471,20.58823529411765,23.35640138408304,14.878892733564019,40770,146.52,18.742191780821916,False,23.52941176470588,23.52941176470588,0.0,64.70588235294117,76.47058823529412,58.82352941176471,23.52941176470588,82.35294117647058,3.1141868512110737,38.23529411764706,10.899653979238755,39.44636678200692,-4.8442906574394415,21.453287197231834,annual,primary
17.647058823529413,13.84083044982699,17.99307958477509,-14.186851211072666,40771,344.58,13.672463768115943,False,23.52941176470588,23.52941176470588,11.76470588235294,52.94117647058824,70.58823529411765,29.411764705882355,-11.764705882352942,52.94117647058824,-2.4221453287197225,28.027681660899656,3.4602076124567485,29.411764705882348,-28.02768166089965,5.190311418685127,annual,primary
17.647058823529413,12.975778546712801,15.7439446366782,-11.072664359861593,40772,309.9,12.986338797814208,False,23.52941176470588,23.52941176470588,11.76470588235294,52.94117647058824,64.70588235294117,29.411764705882355,-11.764705882352942,58.82352941176471,2.4221453287197234,31.141868512110722,0.0,33.73702422145328,-22.491349480968854,4.844290657439445,annual,primary
29.411764705882355,12.975778546712801,15.7439446366782,0.692041522491349,40774,409.94999999999993,15.770426829268292,False,23.52941176470588,23.52941176470588,5.88235294117647,52.94117647058824,64.70588235294117,35.294117647058826,0.0,58.82352941176471,-6.228373702422147,31.141868512110726,1.9031141868512114,32.87197231833909,-16.608996539792393,15.570934256055363,annual,primary
-5.88235294117647,2.5951557093425603,-5.709342560553631,-2.7681660899653973,40778,90.89,19.828415300546446,False,23.52941176470588,23.52941176470588,11.76470588235294,41.17647058823529,5.88235294117647,5.88235294117647,-17.647058823529413,47.05882352941176,-0.6920415224913493,22.491349480968857,-10.380622837370241,18.685121107266433,-14.53287197231834,11.072664359861593,annual,primary
0.0,-1.9031141868512105,3.633217993079584,-1.7301038062283738,40779,354.58000000000004,14.568194842406877,False,23.52941176470588,23.52941176470588,11.76470588235294,17.647058823529413,41.17647058823529,11.76470588235294,-11.764705882352942,41.17647058823529,-6.228373702422145,22.145328719723185,0.0,22.491349480968857,-19.031141868512115,14.53287197231834,annual,primary
17.647058823529413,12.110726643598616,13.494809688581313,-7.9584775086505175,40780,492.48,17.455277777777777,False,23.52941176470588,23.52941176470588,11.76470588235294,52.94117647058824,58.82352941176471,29.411764705882355,-11.76470588235294,47.05882352941176,1.384083044982699,26.643598615916954,-2.249134948096885,28.54671280276816,-19.048442906574397,10.726643598615917,annual,primary
11.76470588235294,9.688581314878892,12.45674740484429,-10.380622837370245,40782,423.83000000000004,17.565306122448977,False,23.52941176470588,23.52941176470588,11.76470588235294,47.05882352941176,58.82352941176471,23.52941176470588,0.0,52.94117647058824,2.0761245674740487,29.411764705882348,0.0,30.44982698961937,-18.702422145328722,10.726643598615919,annual,primary
35.29411764705882,16.60899653979239,19.377162629757784,-0.6920415224913532,40783,367.21999999999997,12.931123919308359,False,23.52941176470588,23.52941176470588,11.76470588235294,58.82352941176471,70.58823529411765,47.05882352941176,11.76470588235294,76.47058823529412,3.633217993079586,36.332179930795846,4.671280276816609,40.484429065743946,-14.878892733564014,16.955017301038062,annual,primary
29.411764705882355,5.1903114186851225,12.110726643598618,12.110726643598616,40785,105.2,19.74672131147541,False,23.52941176470588,23.52941176470588,5.88235294117647,35.294117647058826,64.70588235294117,35.294117647058826,5.882352941176472,52.94117647058824,-2.2491349480968856,20.761245674740483,3.633217993079585,26.989619377162626,-3.806228373702425,20.41522491349481,annual,primary
35.294117647058826,8.823529411764705,17.128027681660893,9.342560553633227,40789,58.010000000000005,20.94986301369863,False,23.52941176470588,23.52941176470588,0.0,41.17647058823529,76.47058823529412,35.294117647058826,11.76470588235294,64.70588235294117,-2.7681660899653973,27.68166089965398,6.920415224913495,33.21799307958477,-7.95847750865052,16.26297577854671,annual,primary
52.94117647058824,16.435986159169552,24.74048442906574,11.764705882352942,40791,61.910000000000004,22.946575342465753,False,23.52941176470588,23.52941176470588,0.0,52.94117647058824,88.23529411764706,52.94117647058824,29.411764705882355,76.47058823529412,6.228373702422145,32.87197231833909,10.380622837370243,36.15916955017301,-2.422145328719721,17.99307958477509,annual,primary
-5.88235294117647,5.190311418685122,-7.266435986159168,-3.8062283737024223,40792,115.4,19.62,False,23.52941176470588,23.52941176470588,11.76470588235294,58.82352941176471,5.88235294117647,5.88235294117647,-23.52941176470588,41.17647058823529,1.0380622837370246,19.377162629757784,-11.76470588235294,16.955017301038065,-17.993079584775085,11.764705882352938,annual,primary
-5.88235294117647,0.0,-4.1522491349480966,-1.7301038062283736,40793,124.64,17.319398907103825,False,23.52941176470588,23.52941176470588,5.88235294117647,23.52941176470588,5.88235294117647,0.0,-17.647058823529413,17.647058823529413,-1.7301038062283738,10.380622837370241,-9.3598615916955,4.1522491349480966,-14.53287197231834,11.76470588235294,annual,primary
52.94117647058824,23.010380622837374,28.54671280276816,1.3840830449827022,40794,295.24,24.53434065934066,False,23.52941176470588,23.52941176470588,0.0,64.70588235294117,88.23529411764706,52.94117647058824,23.52941176470588,70.58823529411765,10.380622837370241,36.15916955017301,11.072664359861593,38.75432525951557,-14.186851211072653,12.110726643598618,annual,primary
29.411764705882355,6.574394463667822,19.03114186851211,3.8062283737024236,40796,230.8,26.425753424657533,False,23.52941176470588,23.52941176470588,0.0,35.294117647058826,88.23529411764706,29.411764705882355,11.76470588235294,52.94117647058824,0.0,25.432525951557096,7.785467128027681,31.487889273356394,-12.456747404844286,10.397923875432591,annual,primary
29.411764705882355,7.785467128027681,13.321799307958477,8.304498269896197,40797,1167.8400000000001,10.27917808219178,False,23.52941176470588,23.52941176470588,0.0,41.17647058823529,64.70588235294117,29.411764705882355,17.647058823529413,82.35294117647058,3.1141868512110737,39.44636678200692,6.920415224913495,39.44636678200692,-5.882352941176472,17.99307958477509,annual,primary
11.76470588235294,7.612456747404843,6.228373702422144,-2.0761245674740483,40798,276.51,12.269945355191258,False,23.52941176470588,23.52941176470588,11.76470588235294,47.05882352941176,41.17647058823529,23.52941176470588,-11.76470588235294,70.58823529411764,-1.3927335640138405,32.35294117647059,-4.844290657439447,31.20242214532894,-15.242214532871971,14.878892733564019,annual,primary
23.52941176470588,8.650519031141869,4.498269896193772,10.380622837370243,40802,92.28,16.08,False,23.52941176470588,23.52941176470588,5.88235294117647,52.94117647058824,35.294117647058826,29.411764705882355,0.0,70.58823529411765,1.5570934256055369,31.141868512110722,-2.249134948096885,33.73702422145329,-7.26643598615917,22.145328719723185,annual,primary
35.29411764705882,18.166089965397923,18.166089965397923,-1.0380622837370277,40809,140.74,17.06775956284153,False,23.52941176470588,23.52941176470588,11.76470588235294,64.70588235294117,64.70588235294117,47.05882352941176,-5.88235294117647,58.82352941176471,4.498269896193771,34.2560553633218,5.709342560553631,35.98615916955017,-19.377162629757784,8.650519031141863,annual,primary
35.294117647058826,9.86159169550173,20.934256055363317,4.498269896193778,40810,159.3,25.043835616438358,False,23.52941176470588,23.52941176470588,0.0,41.17647058823529,88.23529411764706,35.294117647058826,17.64705882352941,64.70588235294117,0.0,29.584775086505182,11.072664359861593,35.98615916955017,-7.612456747404845,11.072664359861593,annual,primary
29.411764705882355,13.148788927335639,22.837370242214526,-6.574394463667815,40811,179.57999999999998,26.593406593406595,False,23.52941176470588,23.52941176470588,5.88235294117647,47.05882352941176,88.23529411764706,35.294117647058826,11.76470588235294,52.94117647058824,5.190311418685123,24.91349480968858,9.515570934256058,31.487889273356394,-15.934256055363326,5.536332179930796,annual,primary
23.52941176470588,12.975778546712801,15.7439446366782,-5.190311418685123,40812,366.39,26.102191780821915,False,23.52941176470588,23.52941176470588,5.88235294117647,52.94117647058824,64.70588235294117,29.411764705882355,0.0,76.47058823529412,2.5951557093425603,37.370242214532865,-1.9031141868512105,40.484429065743946,-13.494809688581316,13.840830449826989,annual,primary
47.05882352941176,24.913494809688586,27.681660899653977,-5.536332179930797,40813,279.90000000000003,27.03861111111111,False,23.52941176470588,23.52941176470588,5.88235294117647,70.58823529411765,82.35294117647058,52.94117647058824,17.647058823529413,76.47058823529412,8.823529411764707,39.96539792387543,11.07266435986159,41.17647058823529,-15.58823529411765,5.536332179930796,annual,primary
29.411764705882355,8.304498269896193,15.22491349480969,5.882352941176472,40818,119.41999999999999,14.798904109589042,False,23.52941176470588,23.52941176470588,5.88235294117647,41.17647058823529,70.58823529411765,35.294117647058826,0.0,58.82352941176471,0.0,24.22145328719723,5.536332179930796,31.487889273356394,-11.764705882352942,17.64705882352941,annual,primary
17.64705882352941,0.0,13.840830449826989,3.8062283737024223,40821,44.98,20.481369863013697,False,23.52941176470588,23.52941176470588,5.88235294117647,23.52941176470588,82.35294117647058,23.52941176470588,-5.88235294117647,47.05882352941176,-9.86159169550173,16.435986159169552,5.536332179930796,24.91349480968858,-11.072664359861593,15.224913494809691,annual,primary
-11.76470588235294,2.768166089965398,-8.304498269896193,-6.228373702422145,40827,77.64,22.292622950819673,False,23.52941176470588,23.52941176470588,11.76470588235294,47.05882352941176,0.0,0.0,-17.647058823529413,5.88235294117647,0.6920415224913493,10.380622837370241,-10.899653979238757,-1.7301038062283738,-14.53287197231834,4.498269896193772,annual,primary
29.411764705882348,11.76470588235294,18.68512110726643,-1.0380622837370221,40829,37.52,22.850546448087428,False,23.52941176470588,23.52941176470588,11.76470588235294,47.05882352941176,76.47058823529412,41.17647058823529,-5.882352941176469,82.35294117647058,2.0761245674740487,43.59861591695501,5.190311418685122,46.05536332179943,-18.685121107266433,8.996539792387544,annual,primary
52.94117647058824,28.02768166089965,29.411764705882348,-4.498269896193757,40831,147.0,26.632602739726025,False,23.52941176470588,23.52941176470588,5.88235294117647,76.47058823529412,82.35294117647058,58.82352941176471,29.411764705882355,82.35294117647058,12.456747404844288,41.522491349480966,18.685121107266436,42.733564013840834,-14.186851211072666,4.152249134948109,annual,primary
23.52941176470588,12.45674740484429,20.76124567474048,-9.688581314878892,40832,184.03,26.20657534246575,False,23.52941176470588,23.52941176470588,5.88235294117647,47.05882352941176,82.35294117647058,29.411764705882355,5.88235294117647,47.05882352941176,0.0,24.221453287197235,8.304498269896193,29.065743944636672,-18.339100346020764,5.536332179930795,annual,primary
11.76470588235294,5.536332179930796,13.84083044982699,-7.612456747404848,40839,54.51,18.80821917808219,False,23.52941176470588,23.52941176470588,11.76470588235294,35.294117647058826,70.58823529411765,23.52941176470588,-5.882352941176472,41.17647058823529,-5.536332179930796,20.588235294117645,6.920415224913494,24.74048442906574,-19.723183391003463,12.128027681660964,annual,primary
47.05882352941176,11.76470588235294,18.68512110726643,16.608996539792393,40841,101.64,16.883561643835616,False,23.52941176470588,23.52941176470588,0.0,47.05882352941176,76.47058823529412,47.05882352941176,17.647058823529413,70.58823529411764,0.0,36.332179930795846,4.671280276816609,39.44636678200692,-13.494809688581316,22.145328719723185,annual,primary
47.05882352941176,24.913494809688576,23.529411764705884,-1.384083044982691,40844,452.56000000000006,18.553150684931506,False,23.52941176470588,23.52941176470588,11.76470588235294,76.47058823529412,70.58823529411765,58.82352941176471,29.411764705882348,76.47058823529412,15.570934256055363,38.23529411764706,15.743944636678203,39.44636678200692,-13.494809688581316,11.418685121107263,annual,primary
52.94117647058824,26.29757785467128,30.44982698961937,-3.806228373702418,40847,303.18,18.919398907103826,False,23.52941176470588,23.52941176470588,11.76470588235294,70.58823529411765,88.23529411764706,64.70588235294117,29.411764705882348,76.47058823529412,14.53287197231834,39.44636678200692,17.1280276816609,41.17647058823529,-12.110726643598618,7.958477508650519,annual,primary
23.529411764705884,15.22491349480969,8.304498269896193,1.3877787807814457e-15,40848,321.43000000000006,19.27205479452055,False,23.52941176470588,23.52941176470588,11.76470588235294,70.58823529411765,41.17647058823529,35.294117647058826,-5.882352941176472,76.47058823529412,3.8062283737024214,34.602076124567475,-3.114186851211072,37.370242214532865,-11.764705882352944,12.11072664359861,annual,primary
29.411764705882355,10.380622837370241,14.53287197231834,4.498269896193774,40849,111.74000000000001,15.667671232876712,False,23.52941176470588,23.52941176470588,5.88235294117647,47.05882352941176,64.70588235294117,35.294117647058826,5.88235294117647,64.70588235294117,2.076124567474049,35.98615916955017,3.1141868512110737,35.29411764705882,-14.878892733564026,16.608996539792386,annual,primary
23.52941176470588,6.228373702422144,7.612456747404843,9.688581314878894,40851,103.9,17.88,False,23.52941176470588,23.52941176470588,5.88235294117647,41.17647058823529,47.05882352941176,29.411764705882355,-5.882352941176472,64.70588235294117,-1.557093425605536,35.99480968858134,-1.9031141868512105,37.370242214532865,-14.878892733564014,16.608996539792386,annual,primary
23.529411764705884,6.574394463667822,19.03114186851211,-2.0761245674740456,40853,207.71,15.44986301369863,False,23.52941176470588,23.52941176470588,11.76470588235294,35.294117647058826,88.23529411764706,35.294117647058826,5.882352941176469,70.58823529411764,-2.9411764705882346,41.522491349480966,8.304498269896193,44.982698961937714,-17.993079584775085,10.38062283737024,annual,primary
17.64705882352941,2.768166089965398,12.456747404844293,2.422145328719721,40854,36.67,24.395604395604394,False,23.52941176470588,23.52941176470588,5.88235294117647,29.411764705882355,70.58823529411765,23.52941176470588,-11.76470588235294,58.82352941176471,-6.228373702422145,29.065743944636687,5.190311418685121,33.910034602076124,-19.031141868512115,9.342560553633222,annual,primary
11.76470588235294,0.0,12.456747404844288,-0.6920415224913476,40856,40.75,19.65890410958904,False,23.52941176470588,23.52941176470588,11.76470588235294,23.52941176470588,76.47058823529412,23.52941176470588,-5.882352941176472,41.17647058823529,-5.899653979238754,18.685121107266436,-1.2110726643598617,25.977508650519123,-13.494809688581316,17.301038062283737,annual,primary
52.94117647058824,20.761245674740486,29.065743944636672,3.1141868512110706,40859,243.72,19.63551912568306,False,23.52941176470588,23.52941176470588,5.88235294117647,58.82352941176471,94.11764705882352,58.82352941176471,23.529411764705884,88.23529411764706,8.823529411764705,39.96539792387543,17.1280276816609,43.59861591695501,-12.110726643598618,10.380622837370243,annual,primary
-17.647058823529413,-1.384083044982699,-4.1522491349480966,-12.110726643598618,40870,59.14,22.8841095890411,False,23.52941176470588,23.52941176470588,17.647058823529413,11.76470588235294,0.0,0.0,-23.52941176470588,58.82352941176471,-2.768166089965398,27.698961937716327,-7.612456747404843,33.73702422145328,-17.993079584775085,9.688581314878892,annual,primary
-11.76470588235294,2.0761245674740483,-7.612456747404843,-6.228373702422145,40873,132.73999999999998,26.50409836065574,False,23.52941176470588,23.52941176470588,11.76470588235294,41.17647058823529,0.0,0.0,-17.647058823529413,5.88235294117647,0.0,4.844290657439446,-8.996539792387543,-2.0761245674740487,-14.53287197231834,5.88235294117647,annual,primary
23.52941176470588,6.228373702422144,7.612456747404843,9.688581314878894,40875,82.14,27.427945205479453,False,23.52941176470588,23.52941176470588,5.88235294117647,41.17647058823529,47.05882352941176,29.411764705882355,5.88235294117647,52.94117647058824,1.384083044982699,26.29757785467128,1.557093425605536,29.411764705882348,-10.38062283737024,19.394463667820133,annual,primary
23.52941176470588,6.7474048442906565,9.515570934256054,7.2664359861591725,40877,120.84,27.345303867403317,False,23.52941176470588,23.52941176470588,5.88235294117647,41.17647058823529,52.94117647058824,29.411764705882355,-11.76470588235294,52.94117647058824,-2.768166089965398,26.47058823529412,0.0,28.54671280276816,-12.802768166089967,15.570934256055363,annual,primary
17.647058823529413,7.785467128027681,13.321799307958477,-3.4602076124567436,40878,67.51,23.02950819672131,False,23.52941176470588,23.52941176470588,17.647058823529413,41.17647058823529,64.70588235294117,35.294117647058826,-11.764705882352942,52.94117647058824,-7.26643598615917,26.29757785467128,3.8062283737024214,31.4878892733564,-17.647058823529417,14.532871972318334,annual,primary
11.76470588235294,4.844290657439447,10.380622837370243,-3.460207612456749,40879,65.57,27.651092896174863,False,23.52941176470588,23.52941176470588,17.647058823529413,35.294117647058826,58.82352941176471,29.411764705882355,-17.647058823529413,47.05882352941176,-8.304498269896193,21.799307958477513,-0.5190311418685123,29.411764705882348,-18.356401384083046,11.76470588235294,annual,primary
5.882352941176472,-2.7681660899653973,9.688581314878892,-1.0380622837370248,40882,86.34,27.94,False,23.52941176470588,23.52941176470588,11.76470588235294,17.647058823529413,70.58823529411765,17.647058823529413,-5.882352941176472,64.70588235294117,-6.228373702422145,32.35294117647059,2.5951557093425603,38.23529411764706,-14.186851211072653,11.764705882352942,annual,primary
11.76470588235294,0.0,5.536332179930796,6.228373702422145,40883,52.42,27.658241758241758,False,23.52941176470588,23.52941176470588,11.76470588235294,23.52941176470588,47.05882352941176,23.52941176470588,0.0,70.58823529411764,-4.844290657439446,34.2560553633218,0.0,40.484429065743946,-11.764705882352942,19.377162629757787,annual,primary
23.52941176470588,5.536332179930796,13.84083044982699,4.152249134948094,40889,57.82,28.11287671232877,False,23.52941176470588,23.52941176470588,5.88235294117647,35.294117647058826,70.58823529411765,29.411764705882355,0.0,47.35294117647166,-6.7474048442906565,20.588235294117645,3.1141868512110724,29.065743944636672,-10.03460207612457,17.99307958477509,annual,primary
17.647058823529413,10.380622837370241,14.53287197231834,-7.266435986159168,40890,71.44,27.937534246575346,False,23.52941176470588,23.52941176470588,11.76470588235294,47.05882352941176,64.70588235294117,29.411764705882355,-5.88235294117647,52.94117647058824,-5.709342560553631,23.529411764705884,2.4221453287197234,29.238754325259514,-16.955017301038065,10.726643598615917,annual,primary
11.764705882352942,2.4221453287197234,9.342560553633218,0.0,40893,40.05,27.5,False,23.52941176470588,23.52941176470588,5.88235294117647,29.411764705882355,58.82352941176471,17.647058823529413,0.0,58.82352941176471,-5.190311418685121,27.681660899653977,3.1141868512110737,26.989619377162626,-9.342560553633218,15.93425605536339,annual,primary
11.764705882352942,0.0,13.840830449826989,-2.076124567474047,40898,47.4,26.587704918032788,False,23.52941176470588,23.52941176470588,5.88235294117647,23.52941176470588,82.35294117647058,17.647058823529413,-5.88235294117647,35.294117647058826,-6.920415224913495,10.899653979238753,4.844290657439446,21.799307958477506,-12.456747404844293,10.380622837370243,annual,primary
0.0,2.4221453287197234,-1.7301038062283736,-0.6920415224913503,99459,212.41000000000003,13.425409836065572,False,23.52941176470588,23.52941176470588,5.88235294117647,35.294117647058826,17.647058823529413,5.88235294117647,-11.76470588235294,41.17647058823529,-1.0380622837370244,13.494809688581313,-6.920415224913495,15.570934256055363,-10.034602076124568,22.145328719723185,annual,primary
17.64705882352941,0.0,5.536332179930796,12.110726643598616,40700,24.11,32.31803278688525,False,23.52941176470588,23.52941176470588,5.88235294117647,23.52941176470588,47.05882352941176,23.52941176470588,0.0,41.17647058823529,-5.709342560553631,12.110726643598616,1.0380622837370244,17.1280276816609,-1.401384083044986,22.837370242214533,warm_season,primary
5.882352941176469,0.0,11.072664359861593,-5.190311418685124,40701,53.25,28.11916666666667,False,23.52941176470588,23.52941176470588,17.647058823529413,23.52941176470588,70.58823529411765,23.52941176470588,-5.882352941176472,35.294117647058826,-6.7474048442906565,16.435986159169545,2.768166089965398,24.22145328719723,-13.840830449826989,10.034602076124566,warm_season,primary
11.76470588235294,0.0,9.688581314878894,2.0761245674740483,40702,17.529999999999998,33.9344262295082,False,23.52941176470588,23.52941176470588,11.76470588235294,23.52941176470588,64.70588235294117,23.52941176470588,-11.76470588235294,41.17647058823529,-6.937716262975778,15.570934256055361,1.384083044982699,24.74048442906574,-12.110726643598618,15.22491349480969,warm_season,primary
29.411764705882355,6.2283737024221475,17.301038062283737,5.882352941176472,40703,26.04,31.35081967213115,False,23.52941176470588,23.52941176470588,5.88235294117647,35.294117647058826,82.35294117647058,35.294117647058826,0.0,52.94117647058824,-5.709342560553633,24.221453287197235,4.1522491349480966,31.487889273356394,-13.840830449826989,18.685121107266436,warm_season,primary
11.76470588235294,2.249134948096886,7.7854671280276815,1.7301038062283738,40704,27.64,27.634710743801655,False,23.52941176470588,23.52941176470588,17.647058823529413,29.411764705882355,52.94117647058824,29.411764705882355,-17.647058823529413,41.17647058823529,-7.266435986159168,19.723183391003463,1.0380622837370244,26.989619377162626,-17.301038062283737,10.726643598615915,warm_season,primary
0.0,-3.114186851211072,12.110726643598614,-8.996539792387544,40706,16.36,31.53636363636364,False,23.52941176470588,23.52941176470588,11.76470588235294,17.647058823529413,82.35294117647058,11.76470588235294,-17.647058823529413,35.294117647058826,-11.76470588235294,11.072664359861593,2.768166089965398,20.934256055363317,-21.107266435986155,10.726643598615915,warm_season,primary
11.764705882352942,-2.7681660899653973,9.688581314878892,4.844290657439446,40708,17.62,24.832786885245902,False,23.52941176470588,23.52941176470588,5.88235294117647,17.647058823529413,70.58823529411765,17.647058823529413,-11.76470588235294,41.17647058823529,-9.342560553633216,14.705882352941178,3.114186851211072,22.837370242214526,-10.726643598615917,13.840830449826989,warm_season,primary
5.882352941176472,0.0,11.072664359861593,-5.190311418685122,40709,290.82,28.672131147540984,False,23.52941176470588,23.52941176470588,11.76470588235294,23.52941176470588,70.58823529411765,17.647058823529413,-11.764705882352942,47.05882352941176,-7.7854671280276815,19.377162629757787,4.844290657439447,24.91349480968858,-16.60899653979239,11.072664359861587,warm_season,primary
11.76470588235294,4.844290657439447,10.380622837370243,-3.460207612456749,40710,28.3,28.085245901639347,False,23.52941176470588,23.52941176470588,11.76470588235294,35.294117647058826,58.82352941176471,23.52941176470588,-5.882352941176472,47.05882352941176,-3.4602076124567476,21.799307958477506,3.114186851211072,26.989619377162626,-15.916955017301031,13.494809688581318,warm_season,primary
0.0,-6.5743944636678195,11.418685121107263,-4.844290657439446,40712,4.870000000000001,29.751639344262294,False,23.52941176470588,23.52941176470588,11.76470588235294,11.76470588235294,88.23529411764706,11.76470588235294,-11.764705882352942,29.411764705882355,-10.380622837370243,12.491349480968987,3.460207612456747,24.74048442906574,-16.26297577854671,10.03460207612457,warm_season,primary
11.764705882352942,-3.460207612456747,14.532871972318336,0.692041522491349,40713,2.01,31.488524590163934,False,23.52941176470588,23.52941176470588,5.88235294117647,17.647058823529413,94.11764705882352,17.647058823529413,-11.76470588235294,70.58823529411764,-10.899653979238757,32.698961937716255,6.228373702422145,36.332179930795846,-13.494809688581316,8.650519031141874,warm_season,primary
23.52941176470588,5.536332179930796,13.84083044982699,4.152249134948094,40716,8.0,34.00737704918033,False,23.52941176470588,23.52941176470588,5.88235294117647,35.294117647058826,70.58823529411765,29.411764705882355,-11.764705882352942,47.05882352941176,-10.380622837370241,19.72318339100346,3.1141868512110733,26.989619377162626,-13.14878892733564,11.072664359861593,warm_season,primary
17.64705882352941,2.5951557093425612,10.899653979238755,4.152249134948094,40717,20.939999999999998,25.24344262295082,False,23.52941176470588,23.52941176470588,5.88235294117647,29.411764705882355,64.70588235294117,23.52941176470588,-11.764705882352942,47.05882352941176,-9.342560553633216,17.647058823529413,2.768166089965398,24.74048442906574,-15.916955017301039,16.26297577854671,warm_season,primary
11.764705882352942,0.0,15.224913494809686,-3.460207612456745,40718,344.11,27.840350877192986,False,23.52941176470588,23.52941176470588,5.88235294117647,23.52941176470588,88.23529411764706,17.647058823529413,-5.88235294117647,47.05882352941176,-12.45674740484429,18.166089965397923,5.536332179930796,26.989619377162626,-13.494809688581316,6.920415224913495,warm_season,primary
35.29411764705882,16.60899653979239,19.377162629757784,-0.6920415224913532,40719,255.57999999999998,29.461666666666666,False,23.52941176470588,23.52941176470588,11.76470588235294,58.82352941176471,70.58823529411765,47.05882352941176,5.88235294117647,58.82352941176471,-5.536332179930796,26.531141868512332,3.4602076124567476,30.44982698961937,-12.456747404844293,18.33910034602076,warm_season,primary
17.647058823529413,-2.9411764705882346,10.899653979238751,9.688581314878896,40723,9.850000000000001,31.078688524590163,False,23.52941176470588,23.52941176470588,0.0,17.647058823529413,76.47058823529412,17.647058823529413,0.0,35.294117647058826,-10.380622837370243,9.86159169550173,4.671280276816608,20.76124567474048,-1.7301038062283731,12.802768166089965,warm_season,primary
11.764705882352942,0.0,11.072664359861593,0.692041522491349,40724,3.73,31.15126050420168,False,23.52941176470588,23.52941176470588,5.88235294117647,23.52941176470588,70.58823529411765,17.647058823529413,-11.76470588235294,41.17647058823529,-13.84083044982699,14.53287197231834,0.0,25.986159169550294,-10.380622837370245,9.34256055363322,warm_season,primary
41.17647058823529,17.301038062283737,26.989619377162626,-3.114186851211069,40726,7.1000000000000005,31.788524590163934,False,23.52941176470588,23.52941176470588,11.76470588235294,52.94117647058824,94.11764705882352,52.94117647058824,0.0,70.58823529411764,2.9411764705882346,36.332179930795846,12.45674740484429,41.17647058823529,-21.10726643598616,4.844290657439449,warm_season,primary
17.64705882352941,0.0,16.608996539792386,1.0380622837370235,40727,5.33,31.686885245901642,False,23.52941176470588,23.52941176470588,5.88235294117647,23.52941176470588,94.11764705882352,23.52941176470588,0.0,47.05882352941176,-6.228373702422147,17.301038062283737,4.325259515570934,26.989619377162626,-8.996539792387543,11.76470588235294,warm_season,primary
41.17647058823529,17.301038062283737,26.989619377162626,-3.114186851211069,40728,10.92,29.495081967213114,False,23.52941176470588,23.52941176470588,11.76470588235294,52.94117647058824,94.11764705882352,52.94117647058824,5.882352941176472,76.47058823529412,0.0,36.332179930795846,11.072664359861593,38.75432525951557,-13.494809688581316,15.916955017301035,warm_season,primary
35.29411764705882,12.45674740484429,20.76124567474048,2.0761245674740483,40729,15.799999999999999,30.324590163934424,False,23.52941176470588,23.52941176470588,11.76470588235294,47.05882352941176,82.35294117647058,47.05882352941176,11.76470588235294,70.58823529411765,0.0,32.69896193771626,9.342560553633218,38.23529411764706,-11.072664359861584,16.60899653979239,warm_season,primary
5.882352941176472,-2.7681660899653973,9.688581314878892,-1.0380622837370248,40730,4.83,30.550413223140495,False,23.52941176470588,23.52941176470588,11.76470588235294,17.647058823529413,70.58823529411765,17.647058823529413,-17.647058823529413,23.52941176470588,-11.76470588235294,8.823529411764705,3.1141868512110733,17.993079584775085,-14.53287197231834,5.190311418685123,warm_season,primary
5.882352941176472,0.0,11.072664359861593,-5.190311418685122,40731,2.68,33.966393442622945,False,23.52941176470588,23.52941176470588,11.76470588235294,23.52941176470588,70.58823529411765,17.647058823529413,-5.882352941176472,35.294117647058826,-6.920415224913495,11.072664359861593,5.190311418685121,20.761245674740483,-16.26297577854671,10.380622837370245,warm_season,primary
17.647058823529413,9.342560553633216,19.031141868512105,-10.726643598615913,40732,263.77000000000004,28.305,False,23.52941176470588,23.52941176470588,11.76470588235294,41.17647058823529,82.35294117647058,29.411764705882355,-17.647058823529413,47.05882352941176,-12.45674740484429,22.145328719723185,3.460207612456747,29.065743944636672,-17.993079584775085,4.498269896193778,warm_season,primary
17.64705882352941,0.0,15.224913494809686,2.4221453287197243,40734,219.94,28.075,False,23.52941176470588,23.52941176470588,5.88235294117647,23.52941176470588,88.23529411764706,23.52941176470588,-5.88235294117647,47.05882352941176,-6.920415224913495,18.685121107266433,7.266435986159168,29.065743944636672,-12.802768166089967,11.089965397923944,warm_season,primary
23.52941176470588,5.709342560553631,5.709342560553631,12.110726643598618,40736,152.24999999999997,30.183333333333334,False,23.52941176470588,23.52941176470588,5.88235294117647,41.17647058823529,41.17647058823529,29.411764705882355,5.88235294117647,58.82352941176471,0.0,24.913494809688586,0.0,29.065743944636672,-4.844290657439447,21.799307958477506,warm_season,primary
23.52941176470588,6.2283737024221475,17.301038062283737,0.0,40737,133.84,30.3198347107438,False,23.52941176470588,23.52941176470588,5.88235294117647,35.294117647058826,82.35294117647058,29.411764705882355,0.0,82.35294117647058,-6.228373702422145,41.522491349480966,7.26643598615917,42.733564013840834,-14.532871972318334,16.955017301038062,warm_season,primary
29.411764705882355,6.920415224913497,20.761245674740483,1.7301038062283725,40738,71.14999999999999,32.4,False,23.52941176470588,23.52941176470588,5.88235294117647,35.294117647058826,94.11764705882352,35.294117647058826,5.88235294117647,88.23529411764706,-3.633217993079584,39.96539792387543,9.342560553633218,44.982698961937714,-9.688581314878892,13.148788927335648,warm_season,primary
11.76470588235294,0.0,6.920415224913495,4.844290657439447,40739,5.93,32.114754098360656,False,23.52941176470588,23.52941176470588,11.76470588235294,23.52941176470588,52.94117647058824,23.52941176470588,-5.882352941176472,41.17647058823529,-6.228373702422145,13.84083044982699,1.2110726643598617,19.03114186851211,-9.342560553633216,18.702422145328786,warm_season,primary
5.882352941176472,-2.4221453287197225,7.26643598615917,1.0380622837370248,40740,8.23,30.626229508196722,False,23.52941176470588,23.52941176470588,11.76470588235294,17.647058823529413,58.82352941176471,17.647058823529413,-5.882352941176472,35.29411764705882,-7.266435986159168,9.688581314878892,0.0,19.031141868512105,-10.03460207612457,17.647058823529413,warm_season,primary
29.411764705882355,7.266435986159172,22.491349480968857,-0.3460207612456745,40741,0.02,36.17438016528926,False,23.52941176470588,23.52941176470588,5.88235294117647,35.294117647058826,100.0,35.294117647058826,0.0,64.70588235294117,-3.633217993079584,27.68166089965398,0.0,35.98615916955017,-12.110726643598618,8.304498269896191,warm_season,primary
17.64705882352941,0.0,11.072664359861593,6.574394463667818,40743,0.3,36.36065573770492,False,23.52941176470588,23.52941176470588,5.88235294117647,23.52941176470588,70.58823529411765,23.52941176470588,0.0,41.17647058823529,-6.7474048442906565,13.14878892733564,4.1522491349480966,20.761245674740483,-8.304498269896193,15.916955017301039,warm_season,primary
23.529411764705884,8.823529411764705,17.128027681660893,-2.4221453287197146,40745,5.43,33.300000000000004,False,23.52941176470588,23.52941176470588,11.76470588235294,41.17647058823529,76.47058823529412,35.294117647058826,-5.88235294117647,59.1176470588246,-6.920415224913495,27.68166089965398,5.19031141868512,33.73702422145328,-13.14878892733564,13.494809688581311,warm_season,primary
0.0,-8.823529411764705,7.785467128027681,1.0380622837370248,40746,0.8600000000000001,33.18196721311475,False,23.52941176470588,23.52941176470588,5.88235294117647,5.88235294117647,76.47058823529412,5.88235294117647,-5.882352941176472,29.411764705882355,-12.45674740484429,5.882352941176472,3.1141868512110724,17.1280276816609,-6.920415224913497,12.456747404844288,warm_season,primary
17.64705882352941,0.0,16.608996539792386,1.0380622837370235,40747,0.05,35.37213114754098,False,23.52941176470588,23.52941176470588,5.88235294117647,23.52941176470588,94.11764705882352,23.52941176470588,0.0,70.58823529411765,-6.5743944636678195,32.698961937716255,6.920415224913494,38.23529411764706,-10.726643598615917,9.342560553633222,warm_season,primary
29.411764705882355,6.920415224913497,20.761245674740483,1.7301038062283725,40748,6.05,30.011475409836066,False,23.52941176470588,23.52941176470588,5.88235294117647,35.294117647058826,94.11764705882352,35.294117647058826,5.882352941176472,52.94117647058824,-3.460207612456747,24.221453287197235,11.418685121107263,33.21799307958477,-9.688581314878896,10.380622837370243,warm_season,primary
41.17647058823529,17.301038062283737,26.989619377162626,-3.114186851211069,40749,9.809999999999999,27.359016393442623,False,23.52941176470588,23.52941176470588,11.76470588235294,52.94117647058824,94.11764705882352,52.94117647058824,17.647058823529413,70.58823529411765,3.287197231833909,34.602076124567475,15.224913494809686,38.92733564013841,-12.110726643598618,9.688581314878896,warm_season,primary
35.294117647058826,7.266435986159172,22.491349480968857,5.536332179930796,40751,7.25,32.52295081967213,False,23.52941176470588,23.52941176470588,0.0,35.294117647058826,100.0,35.294117647058826,5.882352941176472,47.05882352941176,-3.633217993079586,18.166089965397923,9.688581314878892,29.238754325259514,-7.9584775086505175,11.418685121107272,warm_season,primary
29.411764705882355,6.2283737024221475,17.301038062283737,5.88235294117647,40752,3.0199999999999996,33.62459016393443,False,23.52941176470588,23.52941176470588,0.0,35.294117647058826,82.35294117647058,29.411764705882355,0.0,47.05882352941176,-6.228373702422145,21.79930795847751,5.709342560553631,28.54671280276816,-11.782006920415226,11.072664359861589,warm_season,primary
11.764705882352942,5.1903114186851225,12.110726643598618,-5.536332179930797,40754,2.42,35.10901639344262,False,23.52941176470588,23.52941176470588,5.88235294117647,35.294117647058826,64.70588235294117,17.647058823529413,-5.88235294117647,35.294117647058826,-2.6038062283737027,15.570934256055363,3.4602076124567476,20.761245674740483,-16.955017301038065,7.266435986159167,warm_season,primary
-5.88235294117647,-7.785467128027681,6.055363321799309,-4.1522491349480966,40755,11.229999999999999,25.123770491803278,False,23.52941176470588,23.52941176470588,11.76470588235294,5.88235294117647,64.70588235294117,5.88235294117647,-17.647058823529413,35.29411764705882,-11.76470588235294,12.975778546712801,2.0761245674740483,16.60899653979239,-13.494809688581316,11.764705882352938,warm_season,primary
17.647058823529413,8.823529411764705,17.128027681660893,-8.304498269896186,40757,4.05,36.09016393442623,False,23.52941176470588,23.52941176470588,11.76470588235294,41.17647058823529,76.47058823529412,29.411764705882355,0.0,47.05882352941176,-9.86159169550173,23.010380622837374,3.1141868512110733,29.065743944636672,-17.993079584775085,8.304498269896197,warm_season,primary
5.88235294117647,4.671280276816608,1.9031141868512114,-0.692041522491349,40758,0.4,38.553719008264466,False,23.52941176470588,23.52941176470588,0.0,41.17647058823529,29.411764705882355,5.88235294117647,-5.88235294117647,23.52941176470588,0.0,13.494809688581313,-6.228373702422145,12.110726643598616,-10.380622837370241,8.996539792387543,warm_season,primary
11.76470588235294,-3.1141868512110737,8.650519031141869,6.228373702422146,40762,0.2,31.421311475409837,False,17.647058823529413,23.52941176470588,0.0,11.76470588235294,82.35294117647058,11.76470588235294,0.0,76.47058823529412,-10.380622837370241,32.37024221453294,3.114186851211072,36.15916955017301,-8.304498269896191,15.224913494809694,warm_season,primary
0.0,0.0,0.0,0.0,40763,0.0,35.25819672131148,True,0.0,23.52941176470588,0.0,0.0,76.47058823529412,0.0,0.0,47.05882352941176,0.0,19.377162629757784,0.0,25.951557093425603,-7.612456747404845,4.498269896193772,warm_season,primary
-5.88235294117647,-2.5951557093425612,6.055363321799309,-9.342560553633216,40764,0.01,34.94426229508196,False,17.647058823529413,23.52941176470588,5.88235294117647,11.76470588235294,64.70588235294117,0.0,-11.764705882352942,64.70588235294117,-10.899653979238757,29.584775086505182,0.0,32.37024221453294,-18.685121107266436,10.03460207612457,warm_season,primary
35.294117647058826,11.76470588235294,18.68512110726643,4.844290657439452,40765,0.01,40.74016393442623,False,23.52941176470588,23.52941176470588,0.0,47.05882352941176,76.47058823529412,35.294117647058826,0.0,70.58823529411764,0.0,31.141868512110722,0.0,35.98615916955017,-12.110726643598616,12.456747404844295,warm_season,primary
17.647058823529413,8.304498269896191,6.920415224913495,2.4221453287197248,40766,0.1,37.013934426229504,False,17.647058823529413,23.52941176470588,0.0,41.17647058823529,47.05882352941176,17.647058823529413,0.0,52.94117647058824,0.0,27.681660899653977,0.0,26.643598615916954,-13.14878892733564,12.456747404844288,warm_season,primary
-5.88235294117647,-9.86159169550173,9.515570934256054,-5.536332179930795,40768,0.1,32.43114754098361,False,23.52941176470588,23.52941176470588,11.76470588235294,5.88235294117647,88.23529411764706,5.88235294117647,-11.76470588235294,47.05882352941176,-13.148788927335639,24.221453287197235,0.0,31.487889273356394,-15.916955017301031,5.88235294117647,warm_season,primary
0.0,0.0,0.0,0.0,40770,0.0,38.51229508196721,True,0.0,23.52941176470588,0.0,0.0,82.35294117647058,0.0,0.0,52.94117647058824,0.0,19.723183391003463,0.0,28.54671280276816,-3.8062283737024223,12.45674740484429,warm_season,primary
41.17647058823529,16.435986159169552,24.74048442906574,1.3877787807814457e-15,40771,0.7,34.33934426229508,False,23.52941176470588,23.52941176470588,11.76470588235294,52.94117647058824,88.23529411764706,52.94117647058824,0.0,70.58823529411765,0.0,32.69896193771626,0.0,38.23529411764706,-10.380622837370247,11.764705882352942,warm_season,primary
35.29411764705882,13.84083044982699,24.913494809688576,-3.460207612456749,40772,2.0,30.355737704918035,False,23.52941176470588,23.52941176470588,11.76470588235294,47.05882352941176,94.11764705882352,47.05882352941176,0.0,76.47058823529412,-6.920415224913495,36.332179930795846,6.228373702422145,41.17647058823529,-14.18685121107266,11.418685121107266,warm_season,primary
11.764705882352942,-3.460207612456747,14.532871972318336,0.692041522491349,40774,0.01,34.22295081967213,False,23.52941176470588,23.52941176470588,5.88235294117647,17.647058823529413,94.11764705882352,17.647058823529413,-5.88235294117647,47.05882352941176,-7.26643598615917,19.72318339100346,0.0,29.238754325259514,-13.494809688581316,5.882352941176472,warm_season,primary
0.0,0.0,0.0,0.0,40778,0.0,34.88360655737705,True,0.0,23.52941176470588,0.0,0.0,82.35294117647058,0.0,0.0,35.294117647058826,0.0,11.072664359861593,0.0,19.031141868512105,0.0,5.19031141868512,warm_season,primary
0.0,0.0,0.0,0.0,40779,0.0,34.791803278688526,True,0.0,23.52941176470588,0.0,0.0,82.35294117647058,0.0,0.0,52.94117647058824,-2.422145328719723,20.761245674740486,0.0,28.572664359861687,-10.034602076124571,11.764705882352942,warm_season,primary
23.52941176470588,3.4602076124567485,18.685121107266433,1.384083044982698,40780,0.01,34.63688524590164,False,23.52941176470588,23.52941176470588,5.88235294117647,29.411764705882355,94.11764705882352,29.411764705882355,0.0,64.70588235294117,0.0,27.68166089965398,0.0,33.910034602076124,-6.228373702422147,9.68858131487889,warm_season,primary
52.94117647058824,23.010380622837374,28.54671280276816,1.3840830449827035,40782,0.13,37.778688524590166,False,23.52941176470588,23.52941176470588,5.88235294117647,64.70588235294117,88.23529411764706,58.82352941176471,0.0,76.47058823529412,0.0,34.602076124567475,0.0,38.23529411764706,-12.110726643598618,11.764705882352942,warm_season,primary
5.882352941176469,0.0,11.072664359861593,-5.190311418685124,40783,0.41000000000000003,31.645901639344263,False,23.52941176470588,23.52941176470588,17.647058823529413,23.52941176470588,70.58823529411765,23.52941176470588,-11.76470588235294,52.94117647058824,-8.304498269896193,25.432525951557096,4.152249134948097,33.21799307958477,-19.723183391003456,8.650519031141863,warm_season,primary
0.0,0.0,0.0,0.0,40785,0.0,38.631967213114756,True,0.0,23.52941176470588,0.0,0.0,64.70588235294117,0.0,0.0,29.411764705882355,-3.114186851211072,11.245674740484429,0.0,17.301038062283737,-6.228373702422141,6.9204152249134925,warm_season,primary
0.0,0.0,0.0,0.0,40789,0.0,38.5827868852459,True,0.0,23.52941176470588,0.0,0.0,58.82352941176471,0.0,-11.76470588235294,41.17647058823529,-2.59515570934256,20.588235294117645,0.0,24.74048442906574,-23.52941176470588,2.076124567474053,warm_season,primary
0.0,0.0,0.0,0.0,40791,0.0,40.76967213114754,True,0.0,23.52941176470588,0.0,0.0,76.47058823529412,0.0,0.0,17.647058823529413,0.0,8.304498269896193,0.0,7.7854671280276815,0.0,0.0,warm_season,primary
0.0,0.0,0.0,0.0,40792,0.0,35.31393442622951,True,0.0,23.52941176470588,0.0,0.0,35.294117647058826,0.0,0.0,0.0,0.0,0.0,0.0,0.0,0.0,0.0,warm_season,primary
23.52941176470588,3.287197231833909,13.321799307958477,6.920415224913495,40793,0.01,31.831147540983608,False,17.647058823529413,23.52941176470588,0.0,23.52941176470588,88.23529411764706,23.52941176470588,0.0,52.94117647058824,-6.920415224913495,20.761245674740486,0.0,28.54671280276816,-1.3840830449826966,10.726643598615919,warm_season,primary
0.0,0.0,0.0,0.0,40794,0.0,44.630327868852454,True,0.0,23.52941176470588,0.0,0.0,76.47058823529412,0.0,0.0,41.17647058823529,0.0,20.76124567474049,0.0,24.91349480968858,-8.304498269896191,0.0,warm_season,primary
0.0,0.0,0.0,0.0,40796,0.0,44.77704918032787,True,0.0,23.52941176470588,0.0,0.0,88.23529411764706,0.0,0.0,0.0,0.0,0.0,0.0,0.0,0.0,0.0,warm_season,primary
35.29411764705882,13.148788927335639,22.837370242214526,-0.6920415224913476,40797,1.1099999999999999,28.421311475409837,False,23.52941176470588,23.52941176470588,11.76470588235294,47.05882352941176,88.23529411764706,47.05882352941176,17.647058823529413,52.94117647058824,0.0,24.22145328719723,12.110726643598614,31.487889273356394,-12.110726643598618,12.802768166089967,warm_season,primary
23.529411764705884,6.2283737024221475,17.301038062283737,1.3877787807814457e-15,40798,0.12,31.692622950819672,False,23.52941176470588,23.52941176470588,11.76470588235294,35.294117647058826,82.35294117647058,35.294117647058826,0.0,70.58823529411765,-4.1522491349480966,29.420415224913526,1.7301038062283736,33.73702422145329,-8.65051903114187,18.702422145328782,warm_season,primary
0.0,2.4221453287197234,9.342560553633218,-11.764705882352942,40800,0.04,35.63934426229508,False,23.52941176470588,23.52941176470588,11.76470588235294,29.411764705882355,58.82352941176471,11.76470588235294,-5.882352941176472,41.17647058823529,0.0,15.570934256055363,0.0,22.491349480968857,-20.41522491349481,11.072664359861593,warm_season,primary
17.64705882352941,2.249134948096886,7.7854671280276815,7.612456747404845,40802,0.51,35.822131147540986,False,23.52941176470588,23.52941176470588,5.88235294117647,29.411764705882355,52.94117647058824,23.52941176470588,-11.76470588235294,52.94117647058824,-8.304498269896193,20.588235294117645,0.0,21.799307958477506,-12.45674740484429,17.301038062283734,warm_season,primary
5.882352941176472,0.0,7.266435986159172,-1.3840830449826993,40809,0.01,34.583606557377045,False,17.647058823529413,23.52941176470588,11.76470588235294,17.647058823529413,64.70588235294117,17.647058823529413,-11.76470588235294,41.17647058823529,-8.304498269896193,15.570934256055363,0.0,20.761245674740486,-8.650519031141869,12.110726643598616,warm_season,primary
0.0,0.0,0.0,0.0,40810,0.0,45.601639344262296,True,0.0,23.52941176470588,0.0,0.0,70.58823529411765,0.0,0.0,0.0,0.0,0.0,0.0,0.0,0.0,0.0,warm_season,primary
0.0,0.0,0.0,0.0,40811,0.0,45.76065573770492,True,0.0,23.52941176470588,0.0,0.0,58.82352941176471,0.0,0.0,0.0,0.0,0.0,0.0,0.0,0.0,0.0,warm_season,primary
0.0,0.0,0.0,0.0,40812,0.0,43.94098360655738,True,0.0,23.52941176470588,0.0,0.0,76.47058823529412,0.0,0.0,0.0,0.0,0.0,0.0,0.0,0.0,0.0,warm_season,primary
0.0,0.0,0.0,0.0,40813,0.0,45.32950819672131,True,0.0,23.52941176470588,0.0,0.0,82.35294117647058,0.0,0.0,0.0,0.0,0.0,0.0,0.0,0.0,0.0,warm_season,primary
17.647058823529413,5.709342560553631,5.709342560553631,6.2283737024221475,40818,0.05,32.75573770491803,False,23.52941176470588,23.52941176470588,0.0,41.17647058823529,41.17647058823529,17.647058823529413,0.0,41.17647058823529,-3.1314878892733566,15.7439446366782,-1.9031141868512105,20.242214532871966,-7.612456747404843,13.494809688581316,warm_season,primary
11.76470588235294,9.688581314878892,12.45674740484429,-10.380622837370245,40821,0.01,38.01967213114754,False,23.52941176470588,23.52941176470588,11.76470588235294,47.05882352941176,58.82352941176471,23.52941176470588,0.0,47.05882352941176,0.0,23.52941176470588,0.0,24.221453287197228,-16.955017301038065,7.266435986159162,warm_season,primary
0.0,0.0,0.0,0.0,40827,0.0,37.177868852459014,True,0.0,23.52941176470588,0.0,0.0,76.47058823529412,0.0,0.0,41.17647058823529,-2.5951557093425612,17.301038062283737,0.0,24.247404844290752,-11.418685121107268,7.2664359861591725,warm_season,primary
0.0,0.0,0.0,0.0,40829,0.0,40.514754098360655,True,0.0,23.52941176470588,0.0,0.0,88.23529411764706,0.0,0.0,0.0,0.0,0.0,0.0,0.0,0.0,0.0,warm_season,primary
0.0,0.0,0.0,0.0,40831,0.0,45.881967213114756,True,0.0,23.52941176470588,0.0,0.0,76.47058823529412,0.0,0.0,0.0,0.0,0.0,0.0,0.0,0.0,0.0,warm_season,primary
0.0,0.0,0.0,0.0,40832,0.0,44.18032786885246,True,0.0,23.52941176470588,0.0,0.0,58.82352941176471,0.0,0.0,0.0,0.0,0.0,0.0,0.0,0.0,0.0,warm_season,primary
0.0,0.0,0.0,0.0,40833,0.0,45.592622950819674,True,0.0,23.52941176470588,0.0,0.0,76.47058823529412,0.0,0.0,0.0,0.0,0.0,0.0,0.0,0.0,0.0,warm_season,primary
0.0,0.0,0.0,0.0,40841,0.0,34.96885245901639,True,0.0,23.52941176470588,0.0,0.0,64.70588235294117,0.0,0.0,23.52941176470588,-4.844290657439447,2.768166089965398,0.0,10.899653979238753,0.0,9.688581314878894,warm_season,primary
0.0,0.0,0.0,0.0,40844,0.0,35.16065573770492,True,0.0,23.52941176470588,0.0,0.0,94.11764705882352,0.0,0.0,70.58823529411765,0.0,36.15916955017301,0.0,39.44636678200692,-8.996539792387532,2.7681660899653995,warm_season,primary
0.0,0.0,0.0,0.0,40847,0.0,36.11229508196721,True,0.0,23.52941176470588,0.0,0.0,94.11764705882352,0.0,0.0,47.05882352941176,-6.5743944636678195,19.723183391003463,0.0,29.238754325259514,-9.688581314878892,8.304498269896193,warm_season,primary
17.647058823529413,5.882352941176472,15.570934256055361,-3.806228373702418,40848,0.03,36.923770491803275,False,23.52941176470588,23.52941176470588,11.76470588235294,35.294117647058826,76.47058823529412,29.411764705882355,0.0,41.17647058823529,-3.114186851211072,21.79930795847751,0.0,25.951557093425603,-13.166089965397923,10.034602076124566,warm_season,primary
5.88235294117647,2.249134948096886,7.7854671280276815,-4.1522491349480966,40849,0.11,34.16859504132231,False,23.52941176470588,23.52941176470588,5.88235294117647,29.411764705882355,52.94117647058824,11.76470588235294,-5.88235294117647,29.411764705882355,-2.9411764705882346,12.45674740484429,0.0,19.03114186851211,-14.53287197231834,6.920415224913494,warm_season,primary
23.52941176470588,7.612456747404843,6.228373702422144,9.688581314878892,40851,1.0,35.49016393442623,False,23.52941176470588,23.52941176470588,0.0,47.05882352941176,41.17647058823529,23.52941176470588,0.0,35.294117647058826,0.0,15.570934256055363,0.0,15.224913494809686,-0.6920415224913511,15.570934256055363,warm_season,primary
17.647058823529413,2.768166089965398,12.456747404844293,2.422145328719723,40853,9.409999999999998,30.83032786885246,False,23.52941176470588,23.52941176470588,0.0,29.411764705882355,70.58823529411765,17.647058823529413,0.0,47.05882352941176,-9.342560553633216,20.24221453287197,3.4602076124567476,24.74048442906574,-5.190311418685122,13.494809688581311,warm_season,primary
0.0,0.0,0.0,0.0,40854,0.0,39.075409836065575,True,0.0,23.52941176470588,0.0,0.0,76.47058823529412,0.0,0.0,0.0,0.0,0.0,0.0,0.0,0.0,0.0,warm_season,primary
11.76470588235294,2.249134948096885,6.055363321799308,3.4602076124567485,40856,0.01,35.90409836065574,False,17.647058823529413,23.52941176470588,0.0,23.52941176470588,52.94117647058824,11.76470588235294,0.0,41.17647058823529,-6.7474048442906565,18.685121107266433,0.0,20.76124567474048,-8.321799307958479,10.726643598615917,warm_season,primary
0.0,-4.1522491349480966,4.1522491349480966,0.0,40859,0.01,38.63852459016393,False,23.52941176470588,23.52941176470588,5.88235294117647,11.76470588235294,47.05882352941176,5.88235294117647,-5.88235294117647,23.52941176470588,-8.304498269896193,6.920415224913495,0.0,13.321799307958477,-8.650519031141869,9.688581314878892,warm_season,primary
23.52941176470588,8.823529411764707,10.899653979238751,3.8062283737024214,40870,0.41000000000000003,36.60409836065573,False,11.76470588235294,23.52941176470588,0.0,29.411764705882355,76.47058823529412,23.52941176470588,0.0,41.17647058823529,-6.228373702422145,21.799307958477502,4.152249134948097,22.837370242214526,-10.03460207612457,9.688581314878894,warm_season,primary
11.76470588235294,5.536332179930796,13.84083044982699,-7.612456747404848,40873,10.0,41.79344262295082,False,23.52941176470588,23.52941176470588,11.76470588235294,35.294117647058826,70.58823529411765,23.52941176470588,-11.76470588235294,35.294117647058826,-11.072664359861593,18.166089965397923,3.633217993079585,24.221453287197228,-18.33910034602076,8.304498269896193,warm_season,primary
41.17647058823529,14.705882352941178,20.242214532871966,6.228373702422147,40875,0.02,38.001639344262294,False,23.52941176470588,23.52941176470588,5.88235294117647,52.94117647058824,76.47058823529412,47.05882352941176,5.88235294117647,70.58823529411765,-3.114186851211072,31.141868512110722,4.1522491349480966,34.2560553633218,-3.11418685121108,17.99307958477509,warm_season,primary
17.64705882352941,2.5951557093425612,10.899653979238755,4.152249134948094,40877,1.9100000000000001,43.09098360655738,False,23.52941176470588,23.52941176470588,5.88235294117647,29.411764705882355,64.70588235294117,23.52941176470588,-11.76470588235294,52.94117647058824,-6.7474048442906565,21.79930795847751,2.768166089965398,26.989619377162626,-16.955017301038062,16.60899653979239,warm_season,primary
5.882352941176472,5.882352941176472,15.570934256055361,-15.570934256055358,40878,2.3,38.11147540983607,False,23.52941176470588,23.52941176470588,11.76470588235294,35.294117647058826,76.47058823529412,17.647058823529413,-5.88235294117647,41.17647058823529,-8.304498269896193,20.588235294117645,6.920415224913495,24.74048442906574,-22.837370242214536,6.228373702422142,warm_season,primary
5.88235294117647,-5.536332179930796,8.304498269896193,3.114186851211072,40879,0.12,43.15409836065574,False,23.52941176470588,23.52941176470588,0.0,11.76470588235294,70.58823529411765,5.88235294117647,0.0,41.17647058823529,-11.76470588235294,16.60899653979239,3.096885813148789,24.913494809688576,-10.051903114186853,10.380622837370243,warm_season,primary
0.0,0.0,0.0,0.0,40882,0.0,37.4844262295082,True,0.0,23.52941176470588,0.0,0.0,70.58823529411765,0.0,0.0,0.0,0.0,0.0,0.0,0.0,0.0,0.0,warm_season,primary
0.0,0.0,0.0,0.0,40883,0.0,37.131147540983605,True,0.0,23.52941176470588,0.0,0.0,82.35294117647058,0.0,0.0,0.0,0.0,0.0,0.0,0.0,0.0,0.0,warm_season,primary
0.0,0.0,0.0,0.0,40890,0.0,35.963934426229514,True,0.0,23.52941176470588,0.0,0.0,76.47058823529412,0.0,0.0,0.0,0.0,0.0,0.0,0.0,0.0,0.0,warm_season,primary
0.0,0.0,0.0,0.0,40893,0.0,33.57704918032787,True,0.0,23.52941176470588,0.0,0.0,64.70588235294117,0.0,0.0,0.0,0.0,0.0,0.0,0.0,0.0,0.0,warm_season,primary
0.0,0.0,0.0,0.0,40898,0.0,32.47868852459016,True,0.0,23.52941176470588,0.0,0.0,52.94117647058824,0.0,-5.88235294117647,0.0,-3.114186851211072,8.304498269896191,0.0,10.899653979238755,-20.06920415224914,0.0,warm_season,primary
17.647058823529413,2.941176470588236,14.013840830449825,0.6920415224913503,99459,0.5,30.081666666666667,False,23.52941176470588,23.52941176470588,11.76470588235294,29.411764705882355,76.47058823529412,29.411764705882355,-11.76470588235294,58.82352941176471,-11.072664359861593,27.68166089965398,0.0,29.06574394463668,-10.03460207612457,14.53287197231834,warm_season,primary
