scenario,index_name,metric,estimate,ci_low,ci_high
fixed_w11_t7_corrected,cool_days,OLS,-11.148931542313898,-16.64953817567177,-3.3318174604725557
fixed_w11_t7_corrected,cool_days,q10,-3.9791140572390558,-14.276620370370368,-1.3666544834307974
fixed_w11_t7_corrected,cool_days,q50,-10.216049382716045,-11.432516470797719,-1.576967592592589
fixed_w11_t7_corrected,cool_days,q90,-14.389560931899641,-27.630301672640382,-2.4181547619047605
fixed_w11_t7_corrected,cool_days,Delta1,-10.410446874660586,-21.775548143535296,1.7831790123456788
fixed_w11_t7_corrected,cool_nights,OLS,-9.141263828763831,-13.829130336610444,-2.5811639089643963
fixed_w11_t7_corrected,cool_nights,q10,-3.9601139601139597,-11.218064128943757,-0.9261110392223834
fixed_w11_t7_corrected,cool_nights,q50,-8.078955314009661,-9.945987654320987,-1.776982060185186
fixed_w11_t7_corrected,cool_nights,q90,-11.944444444444438,-24.3839605734767,-2.0912905092592604
fixed_w11_t7_corrected,cool_nights,Delta1,-7.984330484330478,-19.82915660225443,2.515513204966325
fixed_w11_t7_corrected,warm_days,OLS,20.15340113318056,12.952043620001833,24.11905971732687
fixed_w11_t7_corrected,warm_days,q10,17.086020171957674,6.437389770723103,24.99736952861953
fixed_w11_t7_corrected,warm_days,q50,22.350543478260867,11.778163580246913,25.155044367283953
fixed_w11_t7_corrected,warm_days,q90,27.372685185185183,6.414351851851855,37.358674463937625
fixed_w11_t7_corrected,warm_days,Delta1,10.286665013227509,-10.112987364144773,22.688595902665956
fixed_w11_t7_corrected,warm_nights,OLS,15.944583262597988,12.02132434822239,18.36717557797061
fixed_w11_t7_corrected,warm_nights,q10,14.42873677248677,10.461805555555557,18.753858024691358
fixed_w11_t7_corrected,warm_nights,q50,16.302910052910054,9.493441358024691,19.385416666666668
fixed_w11_t7_corrected,warm_nights,q90,18.08653322440087,11.62464774557166,24.104817708333343
fixed_w11_t7_corrected,warm_nights,Delta1,3.6577964519141,-5.260706018518519,9.004041641909287
fixed_w11_t7_raw,cool_days,OLS,-8.88645559233795,-13.690759002132463,-1.7867276630191713
fixed_w11_t7_raw,cool_days,q10,-3.324915824915824,-11.57407407407408,-0.596064814814814
fixed_w11_t7_raw,cool_days,q50,-8.441358024691358,-10.023148148148149,0.08680555555555582
fixed_w11_t7_raw,cool_days,q90,-11.88034188034188,-23.766427718040624,-0.6414141414141344
fixed_w11_t7_raw,cool_days,Delta1,-8.555426055426057,-18.796057347670256,2.922415879932222
fixed_w11_t7_raw,cool_nights,OLS,-7.105452281922874,-11.326466719436025,-0.9141729503707163
fixed_w11_t7_raw,cool_nights,q10,-3.3487654320987654,-9.796296296296298,0.14096886741821665
fixed_w11_t7_raw,cool_nights,q50,-6.203703703703702,-8.067129629629628,0.30555555555555536
fixed_w11_t7_raw,cool_nights,q90,-11.944444444444438,-21.547619047619047,-0.3240740740740732
fixed_w11_t7_raw,cool_nights,Delta1,-8.595679012345672,-17.300435729847496,3.490852723665233
fixed_w11_t7_raw,warm_days,OLS,21.797569532863662,15.857827130713824,25.497128978205414
fixed_w11_t7_raw,warm_days,q10,17.371031746031747,6.956018518518516,25.68518518518519
fixed_w11_t7_raw,warm_days,q50,23.710317460317462,13.962191358024691,25.981481481481474
fixed_w11_t7_raw,warm_days,q90,31.10185185185185,10.784313725490193,38.50389863547759
fixed_w11_t7_raw,warm_days,Delta1,13.730820105820104,-7.572167755991284,24.996834441278885
fixed_w11_t7_raw,warm_nights,OLS,17.156084656084662,14.07011377565804,19.154524857549514
fixed_w11_t7_raw,warm_nights,q10,15.86111111111111,12.006172839506172,19.244444444444444
fixed_w11_t7_raw,warm_nights,q50,16.703703703703706,11.654320987654323,20.421745230078564
fixed_w11_t7_raw,warm_nights,q90,20.466820987654316,13.888888888888893,25.375243664717352
fixed_w11_t7_raw,warm_nights,Delta1,4.605709876543205,-4.186847103513765,9.514132553606242
fixed_w5_t7_corrected,cool_days,OLS,-12.153713252977953,-17.965725888480502,-3.8908109958071937
fixed_w5_t7_corrected,cool_days,q10,-4.537037037037037,-15.063657407407407,-2.0829716435185186
fixed_w5_t7_corrected,cool_days,q50,-11.409970238095237,-12.290219907407408,-1.5383873456790107
fixed_w5_t7_corrected,cool_days,q90,-15.845280764635604,-29.338037634408597,-4.206349206349206
fixed_w5_t7_corrected,cool_days,Delta1,-11.308243727598565,-23.01074741190844,1.9042543490460153
fixed_w5_t7_corrected,cool_nights,OLS,-9.919493428684602,-14.740323090479057,-3.0758136225339987
fixed_w5_t7_corrected,cool_nights,q10,-4.465811965811966,-12.031491126543205,-2.220017636684304
fixed_w5_t7_corrected,cool_nights,q50,-8.618518518518517,-10.577546296296292,-1.9893518518518525
fixed_w5_t7_corrected,cool_nights,q90,-12.333333333333323,-25.47509707287933,-2.821903935185186
fixed_w5_t7_corrected,cool_nights,Delta1,-7.867521367521357,-20.057086709104944,2.6918922854635703
fixed_w5_t7_corrected,warm_days,OLS,20.70569313584021,12.918236919248022,24.907136655619315
fixed_w5_t7_corrected,warm_days,q10,16.86714616402116,7.835648148148149,25.974426807760146
fixed_w5_t7_corrected,warm_days,q50,23.03158068783069,10.2724358974359,25.946180555555554
fixed_w5_t7_corrected,warm_days,q90,27.277199074074076,5.613766339869278,39.09691764132554
fixed_w5_t7_corrected,warm_days,Delta1,10.410052910052915,-11.62147671568628,22.22977147730438
fixed_w5_t7_corrected,warm_nights,OLS,16.36652148233028,12.067766147256556,19.037423701497143
fixed_w5_t7_corrected,warm_nights,q10,16.065228174603174,10.591435185185176,19.655324074074073
fixed_w5_t7_corrected,warm_nights,q50,16.80555555555556,9.539778265107213,20.466049382716047
fixed_w5_t7_corrected,warm_nights,q90,18.26354847494553,11.258806360708533,25.109953703703706
fixed_w5_t7_corrected,warm_nights,Delta1,2.198320300342356,-6.540486564996362,9.044725529100532
fixed_w5_t8_corrected,cool_days,OLS,-11.418266170104403,-17.0348669308717,-3.502228089722773
fixed_w5_t8_corrected,cool_days,q10,-4.250841750841749,-14.401041666666671,-1.9372106481481488
fixed_w5_t8_corrected,cool_days,q50,-10.491452991452993,-11.588903356481483,-1.5285011574074072
fixed_w5_t8_corrected,cool_days,q90,-14.858870967741938,-28.094571385902032,-3.589541245791249
fixed_w5_t8_corrected,cool_days,Delta1,-10.608029216900189,-21.944946791409468,1.837390287422841
fixed_w5_t8_corrected,cool_nights,OLS,-9.292914261664258,-13.940690944706981,-2.7585013126865463
fixed_w5_t8_corrected,cool_nights,q10,-3.86039886039886,-11.433738425925924,-1.182484567901234
fixed_w5_t8_corrected,cool_nights,q50,-8.003472222222221,-10.263087606837605,-1.6914592978394871
fixed_w5_t8_corrected,cool_nights,q90,-12.518518518518514,-24.27139336917563,-2.896412037037037
fixed_w5_t8_corrected,cool_nights,Delta1,-8.658119658119654,-19.40890439210332,2.3211380721231256
fixed_w5_t8_corrected,warm_days,OLS,20.14547169878051,12.684284615629814,24.202733861353163
fixed_w5_t8_corrected,warm_days,q10,16.6982727920228,7.190972222222221,25.143097643097644
fixed_w5_t8_corrected,warm_days,q50,22.450190145502646,10.055199430199428,25.29065860215054
fixed_w5_t8_corrected,warm_days,q90,27.310763888888886,5.732570806100216,37.588633040935676
fixed_w5_t8_corrected,warm_days,Delta1,10.612491096866087,-10.922196502057616,21.963734567901238
fixed_w5_t8_corrected,warm_nights,OLS,15.870772677757978,11.812806154928014,18.357865432076682
fixed_w5_t8_corrected,warm_nights,q10,15.078538359788357,10.639274691358025,18.71944444444444
fixed_w5_t8_corrected,warm_nights,q50,16.514550264550266,9.268396686159845,19.67554012345679
fixed_w5_t8_corrected,warm_nights,q90,18.22746459694989,11.311644524959743,23.88961226851852
fixed_w5_t8_corrected,warm_nights,Delta1,3.1489262371615325,-5.408309788035586,8.811073908730162
full_w11_t7,cool_days,OLS,-12.612568259627094,-18.393545135024013,-4.554204942780727
full_w11_t7,cool_days,q10,-5.454545454545455,-14.621913580246915,-2.1759259259259256
full_w11_t7,cool_days,q50,-11.947751322751325,-13.61916264090177,-2.8283871478315423
full_w11_t7,cool_days,q90,-15.69593787335723,-29.00238948626045,-1.5637860082304578
full_w11_t7,cool_days,Delta1,-10.241392418811776,-22.234760802469133,3.2808641975308612
full_w11_t7,cool_nights,OLS,-10.966018730724606,-15.725273869188113,-4.550756692948323
full_w11_t7,cool_nights,q10,-5.905349794238686,-13.468364197530864,-3.2407407407407405
full_w11_t7,cool_nights,q50,-9.599999999999998,-11.496913580246915,-3.6689814814814814
full_w11_t7,cool_nights,q90,-12.271604938271603,-25.244922341696537,-4.565972222222219
full_w11_t7,cool_nights,Delta1,-6.366255144032917,-19.300231481481482,3.114246093412768
full_w11_t7,warm_days,OLS,13.949410067057144,8.643151011429211,17.083954234081993
full_w11_t7,warm_days,q10,9.520502645502646,3.5648148148148153,14.553872053872055
full_w11_t7,warm_days,q50,15.718694885361549,7.341269841269838,18.044662309368192
full_w11_t7,warm_days,q90,22.370370370370374,2.810185185185187,27.90448343079922
full_w11_t7,warm_days,Delta1,12.849867724867728,-5.7561921296296354,19.663742690058484
full_w11_t7,warm_nights,OLS,11.136561695385224,8.094986473177538,12.919586068405884
full_w11_t7,warm_nights,q10,10.069444444444445,6.9444444444444455,11.972934472934472
full_w11_t7,warm_nights,q50,12.340534979423868,5.7625272331154695,14.029982363315698
full_w11_t7,warm_nights,q90,12.777777777777777,7.870370370370362,16.910331384015592
full_w11_t7,warm_nights,Delta1,2.708333333333332,-2.2381535947712417,6.9973544973545
full_w5_t7,cool_days,OLS,-12.801049712814418,-18.589107622500222,-4.810133821043004
full_w5_t7,cool_days,q10,-5.8375420875420865,-16.212962962962965,-2.372685185185186
full_w5_t7,cool_days,q50,-11.997354497354497,-13.575498575498573,-3.0952380952380976
full_w5_t7,cool_days,q90,-15.686977299880528,-29.35782556750299,-2.1380471380471375
full_w5_t7,cool_days,Delta1,-9.849435212338442,-22.219992922021184,3.0317460317460343
full_w5_t7,cool_nights,OLS,-11.145233851116215,-15.997389595484865,-4.6444972223478285
full_w5_t7,cool_nights,q10,-5.9362139917695504,-13.387345679012345,-3.1100217864923754
full_w5_t7,cool_nights,q50,-9.637037037037038,-11.471734892787524,-3.373842592592591
full_w5_t7,cool_nights,q90,-12.333333333333334,-25.79151732377539,-5.01157407407407
full_w5_t7,cool_nights,Delta1,-6.3971193415637835,-19.773977272727272,2.4179823520101316
full_w5_t7,warm_days,OLS,14.301827801827793,8.816998513946027,17.55877890451687
full_w5_t7,warm_days,q10,9.897486772486772,3.914609053497943,14.236111111111116
full_w5_t7,warm_days,q50,16.095146871008936,6.997354497354495,18.858024691358022
full_w5_t7,warm_days,q90,23.02314814814815,2.5972222222222214,28.567251461988306
full_w5_t7,warm_days,Delta1,13.125661375661377,-5.869028448738595,19.890168128654988
full_w5_t7,warm_nights,OLS,11.070622188269255,7.915230944058771,12.897176205352272
full_w5_t7,warm_nights,q10,10.171296296296296,7.043209876543211,12.314814814814824
full_w5_t7,warm_nights,q50,12.50514403292181,5.498971193415641,14.000638569604085
full_w5_t7,warm_nights,q90,12.690631808278862,7.654320987654306,16.895711500974656
full_w5_t7,warm_nights,Delta1,2.5193355119825664,-2.224537037037038,6.975958414554903
