index_name,network,year,annual_count,n_stations
warm_days,available,1991,11.495652173913044,115
warm_days,available,1992,6.235772357723577,123
warm_days,available,1993,8.743801652892563,121
warm_days,available,1994,13.626016260162602,123
warm_days,available,1995,18.370967741935484,124
warm_days,available,1996,16.70967741935484,124
warm_days,available,1997,15.838709677419354,124
warm_days,available,1998,45.67741935483871,124
warm_days,available,1999,24.879032258064516,124
warm_days,available,2000,26.741935483870968,124
warm_days,available,2001,35.145161290322584,124
warm_days,available,2002,27.056451612903224,124
warm_days,available,2003,22.419354838709676,124
warm_days,available,2004,24.943548387096776,124
warm_days,available,2005,25.879032258064516,124
warm_days,available,2006,27.483870967741936,124
warm_days,available,2007,20.39516129032258,124
warm_days,available,2008,36.225806451612904,124
warm_days,available,2009,22.887096774193548,124
warm_days,available,2010,63.685483870967744,124
warm_days,available,2011,25.991935483870968,124
warm_days,available,2012,19.532258064516128,124
warm_days,available,2013,36.16935483870968,124
warm_days,available,2014,28.75,124
warm_days,available,2015,48.604838709677416,124
warm_days,available,2016,49.08870967741935,124
warm_days,available,2017,49.16935483870968,124
warm_days,available,2018,50.91935483870968,124
warm_days,available,2019,37.056451612903224,124
warm_days,available,2020,32.685483870967744,124
warm_days,available,2021,80.15447154471545,123
warm_days,available,2022,59.951219512195124,123
warm_days,available,2023,58.959349593495936,123
warm_days,available,2024,63.12396694214876,121
warm_days,index_fixed,1991,11.53211009174312,109
warm_days,index_fixed,1992,6.339449541284404,109
warm_days,index_fixed,1993,8.779816513761467,109
warm_days,index_fixed,1994,13.614678899082568,109
warm_days,index_fixed,1995,18.477064220183486,109
warm_days,index_fixed,1996,16.68807339449541,109
warm_days,index_fixed,1997,15.825688073394495,109
warm_days,index_fixed,1998,46.31192660550459,109
warm_days,index_fixed,1999,25.357798165137616,109
warm_days,index_fixed,2000,26.394495412844037,109
warm_days,index_fixed,2001,34.92660550458716,109
warm_days,index_fixed,2002,26.71559633027523,109
warm_days,index_fixed,2003,22.339449541284402,109
warm_days,index_fixed,2004,25.256880733944953,109
warm_days,index_fixed,2005,25.972477064220183,109
warm_days,index_fixed,2006,27.69724770642202,109
warm_days,index_fixed,2007,20.31192660550459,109
warm_days,index_fixed,2008,36.440366972477065,109
warm_days,index_fixed,2009,22.568807339449542,109
warm_days,index_fixed,2010,64.5229357798165,109
warm_days,index_fixed,2011,25.69724770642202,109
warm_days,index_fixed,2012,20.137614678899084,109
warm_days,index_fixed,2013,35.54128440366973,109
warm_days,index_fixed,2014,29.339449541284402,109
warm_days,index_fixed,2015,49.357798165137616,109
warm_days,index_fixed,2016,48.8348623853211,109
warm_days,index_fixed,2017,49.91743119266055,109
warm_days,index_fixed,2018,51.87155963302752,109
warm_days,index_fixed,2019,37.4954128440367,109
warm_days,index_fixed,2020,33.10091743119266,109
warm_days,index_fixed,2021,79.79816513761467,109
warm_days,index_fixed,2022,59.91743119266055,109
warm_days,index_fixed,2023,58.45871559633027,109
warm_days,index_fixed,2024,61.41284403669725,109
warm_days,common_fixed,1991,11.601851851851851,108
warm_days,common_fixed,1992,6.388888888888889,108
warm_days,common_fixed,1993,8.796296296296296,108
warm_days,common_fixed,1994,13.62037037037037,108
warm_days,common_fixed,1995,18.555555555555557,108
warm_days,common_fixed,1996,16.666666666666668,108
warm_days,common_fixed,1997,15.842592592592593,108
warm_days,common_fixed,1998,46.18518518518518,108
warm_days,common_fixed,1999,25.38888888888889,108
warm_days,common_fixed,2000,26.324074074074073,108
warm_days,common_fixed,2001,34.96296296296296,108
warm_days,common_fixed,2002,26.833333333333332,108
warm_days,common_fixed,2003,22.39814814814815,108
warm_days,common_fixed,2004,25.324074074074073,108
warm_days,common_fixed,2005,25.97222222222222,108
warm_days,common_fixed,2006,27.814814814814813,108
warm_days,common_fixed,2007,20.333333333333332,108
warm_days,common_fixed,2008,36.388888888888886,108
warm_days,common_fixed,2009,22.62037037037037,108
warm_days,common_fixed,2010,64.62037037037037,108
warm_days,common_fixed,2011,25.685185185185187,108
warm_days,common_fixed,2012,20.037037037037038,108
warm_days,common_fixed,2013,35.666666666666664,108
warm_days,common_fixed,2014,29.39814814814815,108
warm_days,common_fixed,2015,49.342592592592595,108
warm_days,common_fixed,2016,48.898148148148145,108
warm_days,common_fixed,2017,49.675925925925924,108
warm_days,common_fixed,2018,51.80555555555556,108
warm_days,common_fixed,2019,37.47222222222222,108
warm_days,common_fixed,2020,33.0462962962963,108
warm_days,common_fixed,2021,79.70370370370371,108
warm_days,common_fixed,2022,59.824074074074076,108
warm_days,common_fixed,2023,58.49074074074074,108
warm_days,common_fixed,2024,61.407407407407405,108
warm_days,common_365_equivalent,1991,11.630816271374336,108
warm_days,common_365_equivalent,1992,6.521264515444931,108
warm_days,common_365_equivalent,1993,8.8745933297582,108
warm_days,common_365_equivalent,1994,13.722885567323098,108
warm_days,common_365_equivalent,1995,18.746772808161467,108
warm_days,common_365_equivalent,1996,16.772313243365776,108
warm_days,common_365_equivalent,1997,16.108716749249908,108
warm_days,common_365_equivalent,1998,46.738964483104304,108
warm_days,common_365_equivalent,1999,25.655072398248556,108
warm_days,common_365_equivalent,2000,26.655286591527947,108
warm_days,common_365_equivalent,2001,35.13148176414207,108
warm_days,common_365_equivalent,2002,27.054195079469533,108
warm_days,common_365_equivalent,2003,22.587390376393568,108
warm_days,common_365_equivalent,2004,25.55892118760703,108
warm_days,common_365_equivalent,2005,26.096199999845435,108
warm_days,common_365_equivalent,2006,27.904455149534417,108
warm_days,common_365_equivalent,2007,20.40658622213367,108
warm_days,common_365_equivalent,2008,36.42794096187165,108
warm_days,common_365_equivalent,2009,22.666179118889982,108
warm_days,common_365_equivalent,2010,64.7049696119395,108
warm_days,common_365_equivalent,2011,25.765022459442026,108
warm_days,common_365_equivalent,2012,20.13116278374379,108
warm_days,common_365_equivalent,2013,35.68088719850816,108
warm_days,common_365_equivalent,2014,29.68245345830273,108
warm_days,common_365_equivalent,2015,49.597404797620364,108
warm_days,common_365_equivalent,2016,49.14807809066128,108
warm_days,common_365_equivalent,2017,49.90777314808034,108
warm_days,common_365_equivalent,2018,52.07945016813357,108
warm_days,common_365_equivalent,2019,37.69449003939765,108
warm_days,common_365_equivalent,2020,33.12437794046854,108
warm_days,common_365_equivalent,2021,79.9702575741612,108
warm_days,common_365_equivalent,2022,59.931963626801675,108
warm_days,common_365_equivalent,2023,58.67616047540629,108
warm_days,common_365_equivalent,2024,61.67244146896965,108
warm_nights,available,1991,16.92105263157895,114
warm_nights,available,1992,9.504065040650406,123
warm_nights,available,1993,12.859504132231406,121
warm_nights,available,1994,21.479674796747968,123
warm_nights,available,1995,16.838709677419356,124
warm_nights,available,1996,22.387096774193548,124
warm_nights,available,1997,19.0,124
warm_nights,available,1998,35.24193548387097,124
warm_nights,available,1999,28.35483870967742,124
warm_nights,available,2000,28.774193548387096,124
warm_nights,available,2001,32.524193548387096,124
warm_nights,available,2002,30.483870967741936,124
warm_nights,available,2003,28.241935483870968,124
warm_nights,available,2004,29.774193548387096,124
warm_nights,available,2005,25.677419354838708,124
warm_nights,available,2006,36.13709677419355,124
warm_nights,available,2007,24.387096774193548,124
warm_nights,available,2008,33.395161290322584,124
warm_nights,available,2009,28.10483870967742,124
warm_nights,available,2010,48.395161290322584,124
warm_nights,available,2011,31.879032258064516,124
warm_nights,available,2012,28.758064516129032,124
warm_nights,available,2013,33.71774193548387,124
warm_nights,available,2014,31.572580645161292,124
warm_nights,available,2015,50.766129032258064,124
warm_nights,available,2016,44.854838709677416,124
warm_nights,available,2017,41.54838709677419,124
warm_nights,available,2018,53.28225806451613,124
warm_nights,available,2019,40.524193548387096,124
warm_nights,available,2020,35.056451612903224,124
warm_nights,available,2021,54.333333333333336,123
warm_nights,available,2022,52.357723577235774,123
warm_nights,available,2023,52.83870967741935,124
warm_nights,available,2024,57.30327868852459,122
warm_nights,index_fixed,1991,16.75229357798165,109
warm_nights,index_fixed,1992,9.495412844036696,109
warm_nights,index_fixed,1993,12.55045871559633,109
warm_nights,index_fixed,1994,21.38532110091743,109
warm_nights,index_fixed,1995,16.834862385321102,109
warm_nights,index_fixed,1996,22.825688073394495,109
warm_nights,index_fixed,1997,18.880733944954127,109
warm_nights,index_fixed,1998,35.091743119266056,109
warm_nights,index_fixed,1999,28.807339449541285,109
warm_nights,index_fixed,2000,28.788990825688074,109
warm_nights,index_fixed,2001,32.46788990825688,109
warm_nights,index_fixed,2002,30.541284403669724,109
warm_nights,index_fixed,2003,28.137614678899084,109
warm_nights,index_fixed,2004,29.825688073394495,109
warm_nights,index_fixed,2005,25.34862385321101,109
warm_nights,index_fixed,2006,36.14678899082569,109
warm_nights,index_fixed,2007,24.660550458715598,109
warm_nights,index_fixed,2008,33.73394495412844,109
warm_nights,index_fixed,2009,28.24770642201835,109
warm_nights,index_fixed,2010,49.091743119266056,109
warm_nights,index_fixed,2011,31.201834862385322,109
warm_nights,index_fixed,2012,29.541284403669724,109
warm_nights,index_fixed,2013,33.84403669724771,109
warm_nights,index_fixed,2014,32.85321100917431,109
warm_nights,index_fixed,2015,50.31192660550459,109
warm_nights,index_fixed,2016,44.972477064220186,109
warm_nights,index_fixed,2017,41.51376146788991,109
warm_nights,index_fixed,2018,53.862385321100916,109
warm_nights,index_fixed,2019,40.10091743119266,109
warm_nights,index_fixed,2020,35.24770642201835,109
warm_nights,index_fixed,2021,54.81651376146789,109
warm_nights,index_fixed,2022,51.62385321100918,109
warm_nights,index_fixed,2023,53.321100917431195,109
warm_nights,index_fixed,2024,57.08256880733945,109
warm_nights,common_fixed,1991,16.796296296296298,108
warm_nights,common_fixed,1992,9.50925925925926,108
warm_nights,common_fixed,1993,12.61111111111111,108
warm_nights,common_fixed,1994,21.37962962962963,108
warm_nights,common_fixed,1995,16.63888888888889,108
warm_nights,common_fixed,1996,22.787037037037038,108
warm_nights,common_fixed,1997,18.75925925925926,108
warm_nights,common_fixed,1998,34.870370370370374,108
warm_nights,common_fixed,1999,28.805555555555557,108
warm_nights,common_fixed,2000,28.59259259259259,108
warm_nights,common_fixed,2001,32.351851851851855,108
warm_nights,common_fixed,2002,30.25925925925926,108
warm_nights,common_fixed,2003,28.00925925925926,108
warm_nights,common_fixed,2004,29.75,108
warm_nights,common_fixed,2005,25.074074074074073,108
warm_nights,common_fixed,2006,36.0462962962963,108
warm_nights,common_fixed,2007,24.59259259259259,108
warm_nights,common_fixed,2008,33.592592592592595,108
warm_nights,common_fixed,2009,28.22222222222222,108
warm_nights,common_fixed,2010,48.925925925925924,108
warm_nights,common_fixed,2011,31.175925925925927,108
warm_nights,common_fixed,2012,29.64814814814815,108
warm_nights,common_fixed,2013,33.7037037037037,108
warm_nights,common_fixed,2014,32.842592592592595,108
warm_nights,common_fixed,2015,50.53703703703704,108
warm_nights,common_fixed,2016,45.06481481481482,108
warm_nights,common_fixed,2017,41.666666666666664,108
warm_nights,common_fixed,2018,54.074074074074076,108
warm_nights,common_fixed,2019,40.379629629629626,108
warm_nights,common_fixed,2020,35.49074074074074,108
warm_nights,common_fixed,2021,55.111111111111114,108
warm_nights,common_fixed,2022,51.96296296296296,108
warm_nights,common_fixed,2023,53.657407407407405,108
warm_nights,common_fixed,2024,57.47222222222222,108
warm_nights,common_365_equivalent,1991,17.377923883551425,108
warm_nights,common_365_equivalent,1992,9.89688147172352,108
warm_nights,common_365_equivalent,1993,12.976010408968246,108
warm_nights,common_365_equivalent,1994,21.89296099753404,108
warm_nights,common_365_equivalent,1995,16.96315981053922,108
warm_nights,common_365_equivalent,1996,23.598706256997698,108
warm_nights,common_365_equivalent,1997,19.18392447029551,108
warm_nights,common_365_equivalent,1998,35.95161922586993,108
warm_nights,common_365_equivalent,1999,29.51921311686677,108
warm_nights,common_365_equivalent,2000,29.239789360610555,108
warm_nights,common_365_equivalent,2001,32.77623601726082,108
warm_nights,common_365_equivalent,2002,30.644256261975645,108
warm_nights,common_365_equivalent,2003,28.48614431584983,108
warm_nights,common_365_equivalent,2004,30.167979818056168,108
warm_nights,common_365_equivalent,2005,25.290244412318398,108
warm_nights,common_365_equivalent,2006,36.20925291303806,108
warm_nights,common_365_equivalent,2007,24.644669337230166,108
warm_nights,common_365_equivalent,2008,33.655429906927786,108
warm_nights,common_365_equivalent,2009,28.27186092565383,108
warm_nights,common_365_equivalent,2010,49.01696576160294,108
warm_nights,common_365_equivalent,2011,31.25109138904385,108
warm_nights,common_365_equivalent,2012,29.79914344129234,108
warm_nights,common_365_equivalent,2013,33.71334452584452,108
warm_nights,common_365_equivalent,2014,33.13748993202813,108
warm_nights,common_365_equivalent,2015,50.83920210163228,108
warm_nights,common_365_equivalent,2016,45.26098795669642,108
warm_nights,common_365_equivalent,2017,41.86023989882324,108
warm_nights,common_365_equivalent,2018,54.351883057617414,108
warm_nights,common_365_equivalent,2019,40.61764524229414,108
warm_nights,common_365_equivalent,2020,35.585396520019074,108
warm_nights,common_365_equivalent,2021,55.2768352820091,108
warm_nights,common_365_equivalent,2022,52.01547511121979,108
warm_nights,common_365_equivalent,2023,53.7019603520217,108
warm_nights,common_365_equivalent,2024,57.51496912037003,108
cool_days,available,1991,56.08695652173913,115
cool_days,available,1992,103.47154471544715,123
cool_days,available,1993,67.57851239669421,121
cool_days,available,1994,50.16260162601626,123
cool_days,available,1995,44.21774193548387,124
cool_days,available,1996,51.306451612903224,124
cool_days,available,1997,47.61290322580645,124
cool_days,available,1998,33.564516129032256,124
cool_days,available,1999,25.20967741935484,124
cool_days,available,2000,30.653225806451612,124
cool_days,available,2001,22.556451612903224,124
cool_days,available,2002,29.741935483870968,124
cool_days,available,2003,31.85483870967742,124
cool_days,available,2004,33.54838709677419,124
cool_days,available,2005,33.91935483870968,124
cool_days,available,2006,33.91935483870968,124
cool_days,available,2007,32.596774193548384,124
cool_days,available,2008,43.483870967741936,124
cool_days,available,2009,32.225806451612904,124
cool_days,available,2010,16.032258064516128,124
cool_days,available,2011,32.61290322580645,124
cool_days,available,2012,31.112903225806452,124
cool_days,available,2013,30.661290322580644,124
cool_days,available,2014,29.887096774193548,124
cool_days,available,2015,26.096774193548388,124
cool_days,available,2016,24.870967741935484,124
cool_days,available,2017,18.508064516129032,124
cool_days,available,2018,20.387096774193548,124
cool_days,available,2019,26.838709677419356,124
cool_days,available,2020,31.35483870967742,124
cool_days,available,2021,12.886178861788618,123
cool_days,available,2022,16.5609756097561,123
cool_days,available,2023,14.487804878048781,123
cool_days,available,2024,19.925619834710744,121
cool_days,index_fixed,1991,56.34862385321101,109
cool_days,index_fixed,1992,104.56880733944953,109
cool_days,index_fixed,1993,68.37614678899082,109
cool_days,index_fixed,1994,49.972477064220186,109
cool_days,index_fixed,1995,43.77064220183486,109
cool_days,index_fixed,1996,49.981651376146786,109
cool_days,index_fixed,1997,47.92660550458716,109
cool_days,index_fixed,1998,33.20183486238532,109
cool_days,index_fixed,1999,24.75229357798165,109
cool_days,index_fixed,2000,30.587155963302752,109
cool_days,index_fixed,2001,22.201834862385322,109
cool_days,index_fixed,2002,29.862385321100916,109
cool_days,index_fixed,2003,32.04587155963303,109
cool_days,index_fixed,2004,33.46788990825688,109
cool_days,index_fixed,2005,33.642201834862384,109
cool_days,index_fixed,2006,33.26605504587156,109
cool_days,index_fixed,2007,32.31192660550459,109
cool_days,index_fixed,2008,43.12844036697248,109
cool_days,index_fixed,2009,32.62385321100918,109
cool_days,index_fixed,2010,15.706422018348624,109
cool_days,index_fixed,2011,32.89908256880734,109
cool_days,index_fixed,2012,30.73394495412844,109
cool_days,index_fixed,2013,31.31192660550459,109
cool_days,index_fixed,2014,29.394495412844037,109
cool_days,index_fixed,2015,26.073394495412845,109
cool_days,index_fixed,2016,24.889908256880734,109
cool_days,index_fixed,2017,18.678899082568808,109
cool_days,index_fixed,2018,20.073394495412845,109
cool_days,index_fixed,2019,26.834862385321102,109
cool_days,index_fixed,2020,31.275229357798164,109
cool_days,index_fixed,2021,12.724770642201834,109
cool_days,index_fixed,2022,16.587155963302752,109
cool_days,index_fixed,2023,14.678899082568808,109
cool_days,index_fixed,2024,19.825688073394495,109
cool_days,common_fixed,1991,56.28703703703704,108
cool_days,common_fixed,1992,104.52777777777777,108
cool_days,common_fixed,1993,68.45370370370371,108
cool_days,common_fixed,1994,50.03703703703704,108
cool_days,common_fixed,1995,43.75925925925926,108
cool_days,common_fixed,1996,50.175925925925924,108
cool_days,common_fixed,1997,47.80555555555556,108
cool_days,common_fixed,1998,33.23148148148148,108
cool_days,common_fixed,1999,24.805555555555557,108
cool_days,common_fixed,2000,30.583333333333332,108
cool_days,common_fixed,2001,22.194444444444443,108
cool_days,common_fixed,2002,29.824074074074073,108
cool_days,common_fixed,2003,32.138888888888886,108
cool_days,common_fixed,2004,33.47222222222222,108
cool_days,common_fixed,2005,33.583333333333336,108
cool_days,common_fixed,2006,33.2037037037037,108
cool_days,common_fixed,2007,32.398148148148145,108
cool_days,common_fixed,2008,43.101851851851855,108
cool_days,common_fixed,2009,32.629629629629626,108
cool_days,common_fixed,2010,15.685185185185185,108
cool_days,common_fixed,2011,32.870370370370374,108
cool_days,common_fixed,2012,30.796296296296298,108
cool_days,common_fixed,2013,31.15740740740741,108
cool_days,common_fixed,2014,29.39814814814815,108
cool_days,common_fixed,2015,26.12962962962963,108
cool_days,common_fixed,2016,24.89814814814815,108
cool_days,common_fixed,2017,18.712962962962962,108
cool_days,common_fixed,2018,20.083333333333332,108
cool_days,common_fixed,2019,26.916666666666668,108
cool_days,common_fixed,2020,31.462962962962962,108
cool_days,common_fixed,2021,12.805555555555555,108
cool_days,common_fixed,2022,16.583333333333332,108
cool_days,common_fixed,2023,14.62037037037037,108
cool_days,common_fixed,2024,19.796296296296298,108
cool_days,common_365_equivalent,1991,56.44619677553943,108
cool_days,common_365_equivalent,1992,105.44757606243515,108
cool_days,common_365_equivalent,1993,69.21353351076539,108
cool_days,common_365_equivalent,1994,50.51295627272657,108
cool_days,common_365_equivalent,1995,44.13656253135796,108
cool_days,common_365_equivalent,1996,50.488320283180215,108
cool_days,common_365_equivalent,1997,48.441623870517226,108
cool_days,common_365_equivalent,1998,33.65041151908664,108
cool_days,common_365_equivalent,1999,25.06285917475916,108
cool_days,common_365_equivalent,2000,30.98738365890756,108
cool_days,common_365_equivalent,2001,22.308935385676104,108
cool_days,common_365_equivalent,2002,30.072502233314463,108
cool_days,common_365_equivalent,2003,32.42927945578645,108
cool_days,common_365_equivalent,2004,33.78185910769556,108
cool_days,common_365_equivalent,2005,33.72962021808093,108
cool_days,common_365_equivalent,2006,33.28761860354927,108
cool_days,common_365_equivalent,2007,32.48561663707787,108
cool_days,common_365_equivalent,2008,43.15241194484443,108
cool_days,common_365_equivalent,2009,32.68943386926543,108
cool_days,common_365_equivalent,2010,15.70431730685208,108
cool_days,common_365_equivalent,2011,32.972607244783475,108
cool_days,common_365_equivalent,2012,30.93825401043848,108
cool_days,common_365_equivalent,2013,31.169536875390303,108
cool_days,common_365_equivalent,2014,29.634150632198473,108
cool_days,common_365_equivalent,2015,26.248467063653194,108
cool_days,common_365_equivalent,2016,25.030970418793185,108
cool_days,common_365_equivalent,2017,18.77876559177582,108
cool_days,common_365_equivalent,2018,20.180800485939667,108
cool_days,common_365_equivalent,2019,27.067380686261682,108
cool_days,common_365_equivalent,2020,31.548019939479143,108
cool_days,common_365_equivalent,2021,12.85154285057537,108
cool_days,common_365_equivalent,2022,16.60658675740827,108
cool_days,common_365_equivalent,2023,14.665889608198064,108
cool_days,common_365_equivalent,2024,19.87425806500619,108
cool_nights,available,1991,51.29824561403509,114
cool_nights,available,1992,93.29268292682927,123
cool_nights,available,1993,58.710743801652896,121
cool_nights,available,1994,46.49593495934959,123
cool_nights,available,1995,46.475806451612904,124
cool_nights,available,1996,44.79838709677419,124
cool_nights,available,1997,42.145161290322584,124
cool_nights,available,1998,27.0,124
cool_nights,available,1999,29.443548387096776,124
cool_nights,available,2000,33.29838709677419,124
cool_nights,available,2001,25.806451612903224,124
cool_nights,available,2002,29.048387096774192,124
cool_nights,available,2003,36.685483870967744,124
cool_nights,available,2004,35.483870967741936,124
cool_nights,available,2005,32.25,124
cool_nights,available,2006,31.10483870967742,124
cool_nights,available,2007,35.20967741935484,124
cool_nights,available,2008,41.685483870967744,124
cool_nights,available,2009,28.556451612903224,124
cool_nights,available,2010,20.491935483870968,124
cool_nights,available,2011,34.903225806451616,124
cool_nights,available,2012,30.60483870967742,124
cool_nights,available,2013,35.653225806451616,124
cool_nights,available,2014,29.096774193548388,124
cool_nights,available,2015,22.35483870967742,124
cool_nights,available,2016,26.701612903225808,124
cool_nights,available,2017,26.153225806451612,124
cool_nights,available,2018,14.5,124
cool_nights,available,2019,22.06451612903226,124
cool_nights,available,2020,29.153225806451612,124
cool_nights,available,2021,19.29268292682927,123
cool_nights,available,2022,18.96747967479675,123
cool_nights,available,2023,16.137096774193548,124
cool_nights,available,2024,19.040983606557376,122
cool_nights,index_fixed,1991,51.68807339449541,109
cool_nights,index_fixed,1992,94.44954128440367,109
cool_nights,index_fixed,1993,59.65137614678899,109
cool_nights,index_fixed,1994,46.57798165137615,109
cool_nights,index_fixed,1995,46.10091743119266,109
cool_nights,index_fixed,1996,43.75229357798165,109
cool_nights,index_fixed,1997,42.77064220183486,109
cool_nights,index_fixed,1998,26.93577981651376,109
cool_nights,index_fixed,1999,29.34862385321101,109
cool_nights,index_fixed,2000,32.63302752293578,109
cool_nights,index_fixed,2001,25.75229357798165,109
cool_nights,index_fixed,2002,29.34862385321101,109
cool_nights,index_fixed,2003,36.62385321100918,109
cool_nights,index_fixed,2004,35.54128440366973,109
cool_nights,index_fixed,2005,31.871559633027523,109
cool_nights,index_fixed,2006,30.577981651376145,109
cool_nights,index_fixed,2007,34.981651376146786,109
cool_nights,index_fixed,2008,41.357798165137616,109
cool_nights,index_fixed,2009,28.477064220183486,109
cool_nights,index_fixed,2010,20.422018348623855,109
cool_nights,index_fixed,2011,35.36697247706422,109
cool_nights,index_fixed,2012,30.18348623853211,109
cool_nights,index_fixed,2013,35.477064220183486,109
cool_nights,index_fixed,2014,28.743119266055047,109
cool_nights,index_fixed,2015,22.3302752293578,109
cool_nights,index_fixed,2016,26.880733944954127,109
cool_nights,index_fixed,2017,26.31192660550459,109
cool_nights,index_fixed,2018,14.385321100917432,109
cool_nights,index_fixed,2019,22.192660550458715,109
cool_nights,index_fixed,2020,29.357798165137616,109
cool_nights,index_fixed,2021,19.522935779816514,109
cool_nights,index_fixed,2022,18.972477064220183,109
cool_nights,index_fixed,2023,16.256880733944953,109
cool_nights,index_fixed,2024,19.128440366972477,109
cool_nights,common_fixed,1991,51.81481481481482,108
cool_nights,common_fixed,1992,94.47222222222223,108
cool_nights,common_fixed,1993,59.76851851851852,108
cool_nights,common_fixed,1994,46.601851851851855,108
cool_nights,common_fixed,1995,46.18518518518518,108
cool_nights,common_fixed,1996,43.77777777777778,108
cool_nights,common_fixed,1997,42.898148148148145,108
cool_nights,common_fixed,1998,26.88888888888889,108
cool_nights,common_fixed,1999,29.34259259259259,108
cool_nights,common_fixed,2000,32.74074074074074,108
cool_nights,common_fixed,2001,25.796296296296298,108
cool_nights,common_fixed,2002,29.36111111111111,108
cool_nights,common_fixed,2003,36.72222222222222,108
cool_nights,common_fixed,2004,35.648148148148145,108
cool_nights,common_fixed,2005,31.90740740740741,108
cool_nights,common_fixed,2006,30.61111111111111,108
cool_nights,common_fixed,2007,35.092592592592595,108
cool_nights,common_fixed,2008,41.361111111111114,108
cool_nights,common_fixed,2009,28.537037037037038,108
cool_nights,common_fixed,2010,20.48148148148148,108
cool_nights,common_fixed,2011,35.361111111111114,108
cool_nights,common_fixed,2012,30.14814814814815,108
cool_nights,common_fixed,2013,35.592592592592595,108
cool_nights,common_fixed,2014,28.72222222222222,108
cool_nights,common_fixed,2015,22.203703703703702,108
cool_nights,common_fixed,2016,26.87037037037037,108
cool_nights,common_fixed,2017,26.203703703703702,108
cool_nights,common_fixed,2018,14.277777777777779,108
cool_nights,common_fixed,2019,22.175925925925927,108
cool_nights,common_fixed,2020,29.046296296296298,108
cool_nights,common_fixed,2021,19.435185185185187,108
cool_nights,common_fixed,2022,18.89814814814815,108
cool_nights,common_fixed,2023,16.212962962962962,108
cool_nights,common_fixed,2024,19.046296296296298,108
cool_nights,common_365_equivalent,1991,53.40833888515577,108
cool_nights,common_365_equivalent,1992,98.47630242870763,108
cool_nights,common_365_equivalent,1993,61.884783842227726,108
cool_nights,common_365_equivalent,1994,47.79831638096379,108
cool_nights,common_365_equivalent,1995,47.1473678531227,108
cool_nights,common_365_equivalent,1996,44.987569705065006,108
cool_nights,common_365_equivalent,1997,44.07969462859342,108
cool_nights,common_365_equivalent,1998,27.754682174712716,108
cool_nights,common_365_equivalent,1999,30.030803431021454,108
cool_nights,common_365_equivalent,2000,33.491299836423416,108
cool_nights,common_365_equivalent,2001,26.172802719594053,108
cool_nights,common_365_equivalent,2002,29.913858926464496,108
cool_nights,common_365_equivalent,2003,37.42800424428582,108
cool_nights,common_365_equivalent,2004,36.22350392344437,108
cool_nights,common_365_equivalent,2005,32.187453164374695,108
cool_nights,common_365_equivalent,2006,30.73814694597887,108
cool_nights,common_365_equivalent,2007,35.17933932551226,108
cool_nights,common_365_equivalent,2008,41.42780099254683,108
cool_nights,common_365_equivalent,2009,28.581910960028612,108
cool_nights,common_365_equivalent,2010,20.50562255071727,108
cool_nights,common_365_equivalent,2011,35.46043118617039,108
cool_nights,common_365_equivalent,2012,30.30679198189726,108
cool_nights,common_365_equivalent,2013,35.60251322751323,108
cool_nights,common_365_equivalent,2014,28.92023322087551,108
cool_nights,common_365_equivalent,2015,22.348028507680183,108
cool_nights,common_365_equivalent,2016,26.997624373095928,108
cool_nights,common_365_equivalent,2017,26.317373764205875,108
cool_nights,common_365_equivalent,2018,14.333088555736973,108
cool_nights,common_365_equivalent,2019,22.331032864776468,108
cool_nights,common_365_equivalent,2020,29.11652785417225,108
cool_nights,common_365_equivalent,2021,19.521365340501475,108
cool_nights,common_365_equivalent,2022,18.912962222445042,108
cool_nights,common_365_equivalent,2023,16.225202888915096,108
cool_nights,common_365_equivalent,2024,19.056368346971006,108
