index_name,network,metric,block_length,estimate,ci_low,ci_high,family_ci_low,family_ci_high,bootstrap_reps
warm_days,common_fixed,OLS,2,13.949410067057144,9.383290908774432,17.1660309519777,7.276103620903193,18.224206205655634,4999
warm_days,common_fixed,q10,2,9.520502645502646,4.490740740740739,13.601851851851853,2.7962962962962963,18.046296296296298,4999
warm_days,common_fixed,q50,2,15.718694885361549,7.88888888888889,17.456140350877195,6.041666666666667,18.732193732193732,4999
warm_days,common_fixed,q90,2,22.370370370370374,5.682870370370371,27.90448343079922,1.8572984749455363,30.709876543209873,4999
warm_days,common_fixed,Delta1,2,12.849867724867728,-5.212654320987655,18.364197530864196,-8.946306360708528,22.515840595497504,4999
warm_nights,common_fixed,OLS,2,11.136561695385224,8.500797473846749,12.810910784277787,7.347907155087081,13.268340570463852,4999
warm_nights,common_fixed,q10,2,10.069444444444445,7.2745571658615145,11.785714285714295,6.534391534391536,14.768518518518533,4999
warm_nights,common_fixed,q50,2,12.340534979423868,6.250000000000005,13.861111111111112,3.9316239316239305,14.471326164874554,4999
warm_nights,common_fixed,q90,2,12.777777777777777,8.693019943019943,16.910331384015592,6.104497354497356,17.216435185185187,4999
warm_nights,common_fixed,Delta1,2,2.708333333333332,-1.919642857142857,6.588693957115012,-4.869456627680309,8.65823412698413,4999
cool_days,common_fixed,OLS,2,-12.612568259627094,-18.952188300245005,-6.013729007311145,-21.209743200574753,-4.121949929233139,4999
cool_days,common_fixed,q10,2,-5.454545454545455,-14.621913580246915,-2.1759259259259256,-18.71604938271605,-0.8190883190883189,4999
cool_days,common_fixed,q50,2,-11.947751322751325,-13.61916264090177,-4.0740740740740735,-18.067592592592597,-1.739417989417988,4999
cool_days,common_fixed,q90,2,-15.69593787335723,-29.314814814814813,-7.1438746438746445,-33.17901234567901,-1.5637860082304578,4999
cool_days,common_fixed,Delta1,2,-10.241392418811776,-24.501028806584358,1.3385828029547902,-27.034616315662067,4.195430729788939,4999
cool_nights,common_fixed,OLS,2,-10.966018730724606,-16.12130062160601,-5.571231078278933,-17.958512659195897,-4.365184504658321,4999
cool_nights,common_fixed,q10,2,-5.905349794238686,-13.409090909090908,-3.2407407407407405,-16.325231481481485,-2.5661375661375683,4999
cool_nights,common_fixed,q50,2,-9.599999999999998,-11.496913580246915,-4.226579520697167,-14.321256038647345,-2.377480158730157,4999
cool_nights,common_fixed,q90,2,-12.271604938271603,-25.87484035759898,-5.884773662551437,-28.037918871252206,-3.413862179486868,4999
cool_nights,common_fixed,Delta1,2,-6.366255144032917,-20.65029522275899,1.7399884259259304,-22.556858258416185,5.557877626843143,4999
warm_days,available,OLS,2,14.021952707566285,9.3192002160371,17.257698923442224,7.066031141320432,18.264435246272328,4999
warm_days,available,q10,2,9.446325540444347,4.556451612903226,13.88440860215054,2.4623655913978495,18.288889799516298,4999
warm_days,available,q50,2,15.549853372434017,7.983870967741935,17.903053266525873,5.882352941176472,19.090209277525997,4999
warm_days,available,q90,2,22.504655127196433,5.947416732231837,27.468332472134055,1.895161290322578,30.209677419354836,4999
warm_days,available,Delta1,2,13.058329586752086,-4.7050928274761805,18.028739850401386,-8.795944053092919,22.116328459655605,4999
warm_nights,available,OLS,2,10.958427868028847,8.287276496904894,12.64132196765057,7.1957903051119105,13.161094358886617,4999
warm_nights,available,q10,2,8.741935483870968,6.550179211469538,11.77629853548111,6.2132144878324835,14.072580645161318,4999
warm_nights,available,q50,2,12.139219015280133,6.441087967755738,13.690438105394117,3.8306451612903225,14.336701469771997,4999
warm_nights,available,q90,2,12.210626185958253,8.300607760635813,16.56532034670718,6.108870967741929,16.822179058484135,4999
warm_nights,available,Delta1,2,3.468690702087285,-2.3984437729983163,6.861489917051928,-4.863430095458912,8.692336475739436,4999
cool_days,available,OLS,2,-12.598144500341844,-18.727727710254033,-6.099312018617001,-21.003281165237823,-4.25326352663232,4999
cool_days,available,q10,2,-5.601590253439191,-14.61021505376344,-2.53024193548387,-18.790322580645164,-1.143839903561948,4999
cool_days,available,q50,2,-12.000580720092914,-13.622569405417552,-3.661290322580645,-17.696902506215142,-1.8432917888562794,4999
cool_days,available,q90,2,-15.37190082644628,-28.970189701897016,-7.233754967822631,-32.75024040562986,-1.831797235023043,4999
cool_days,available,Delta1,2,-9.77031057300709,-23.915084603354998,1.1135878404537833,-26.44906879052655,4.353581224260133,4999
cool_nights,available,OLS,2,-10.863292034184974,-15.854384885395739,-5.617796065289958,-17.60704161846843,-4.432588557148975,4999
cool_nights,available,q10,2,-5.905017921146952,-13.16436251920123,-3.256884343036978,-16.213847436928486,-2.465437788018432,4999
cool_nights,available,q50,2,-9.831591173054585,-11.64314516129032,-4.5014662756598245,-14.077878883865582,-2.3502304147465423,4999
cool_nights,available,q90,2,-12.064516129032251,-25.517241379310345,-6.012544802867382,-27.44736053351317,-3.4939774607111325,4999
cool_nights,available,Delta1,2,-6.159498207885299,-20.16103799601046,1.63560352160059,-22.166233956192634,5.455359506420409,4999
warm_days,common_fixed,OLS,4,13.949410067057144,8.643151011429211,17.083954234081993,5.969817525938547,19.08523987112778,4999
warm_days,common_fixed,q10,4,9.520502645502646,3.5648148148148153,14.553872053872055,-2.623456790123456,18.046296296296298,4999
warm_days,common_fixed,q50,4,15.718694885361549,7.341269841269838,18.044662309368192,3.465608465608463,19.87373737373737,4999
warm_days,common_fixed,q90,4,22.370370370370374,2.810185185185187,27.90448343079922,1.8537868363719778,30.709876543209873,4999
warm_days,common_fixed,Delta1,4,12.849867724867728,-5.7561921296296354,19.663742690058484,-10.7950191012691,24.99382716049383,4999
warm_nights,common_fixed,OLS,4,11.136561695385224,8.094986473177538,12.919586068405884,6.5395703924293045,13.58539193168892,4999
warm_nights,common_fixed,q10,4,10.069444444444445,6.9444444444444455,11.972934472934472,4.753086419753091,15.074074074074062,4999
warm_nights,common_fixed,q50,4,12.340534979423868,5.7625272331154695,14.029982363315698,3.4490740740740744,15.879629629629626,4999
warm_nights,common_fixed,q90,4,12.777777777777777,7.870370370370362,16.910331384015592,5.794077932098762,17.216435185185187,4999
warm_nights,common_fixed,Delta1,4,2.708333333333332,-2.2381535947712417,6.9973544973545,-6.182598039215688,9.563929738562095,4999
cool_days,common_fixed,OLS,4,-12.612568259627094,-18.393545135024013,-4.554204942780727,-20.30053154865084,-2.4005842150070937,4999
cool_days,common_fixed,q10,4,-5.454545454545455,-14.621913580246915,-2.1759259259259256,-18.71604938271605,1.8024691358024707,4999
cool_days,common_fixed,q50,4,-11.947751322751325,-13.61916264090177,-2.8283871478315423,-14.957912457912458,-0.5471380471380497,4999
cool_days,common_fixed,q90,4,-15.69593787335723,-29.00238948626045,-1.5637860082304578,-34.14983164983165,-1.1882716049382698,4999
cool_days,common_fixed,Delta1,4,-10.241392418811776,-22.234760802469133,3.2808641975308612,-27.1540513581976,7.543534762833007,4999
cool_nights,common_fixed,OLS,4,-10.966018730724606,-15.725273869188113,-4.550756692948323,-17.269941642527723,-2.461169739418507,4999
cool_nights,common_fixed,q10,4,-5.905349794238686,-13.468364197530864,-3.2407407407407405,-16.325231481481485,-2.5661375661375683,4999
cool_nights,common_fixed,q50,4,-9.599999999999998,-11.496913580246915,-3.6689814814814814,-13.32561728395062,-1.4407849945533624,4999
cool_nights,common_fixed,q90,4,-12.271604938271603,-25.244922341696537,-4.565972222222219,-28.037918871252206,-1.129629629629626,4999
cool_nights,common_fixed,Delta1,4,-6.366255144032917,-19.300231481481482,3.114246093412768,-22.714171245421248,6.424254115226343,4999
warm_days,available,OLS,4,14.021952707566285,8.558841756751676,17.272760139448618,5.875975773450763,19.2908782939486,4999
warm_days,available,q10,4,9.446325540444347,3.28124544686307,14.712347709987366,-3.2078853046594973,18.269997377393132,4999
warm_days,available,q50,4,15.549853372434017,7.363523573200992,18.554147465437786,3.1899641577060938,19.720995175783685,4999
warm_days,available,q90,4,22.504655127196433,2.620967741935484,27.468332472134055,1.5437788018433147,30.302770128507834,4999
warm_days,available,Delta1,4,13.058329586752086,-5.538763892653839,19.784974143786112,-10.71738169287372,25.002642780770238,4999
warm_nights,available,OLS,4,10.958427868028847,7.8660580720791575,12.761498973562643,6.231018458644093,13.416669827881586,4999
warm_nights,available,q10,4,8.741935483870968,6.290322580645159,12.41935483870968,3.027859237536658,14.118801789468236,4999
warm_nights,available,q50,4,12.139219015280133,6.0692540322580655,13.83873485935887,3.1824740783410133,15.768023190787012,4999
warm_nights,available,q90,4,12.210626185958253,8.296598877980367,16.56532034670718,5.597808987047897,16.822179058484135,4999
warm_nights,available,Delta1,4,3.468690702087285,-2.4687751940243423,7.410220570966921,-7.1384351391007455,10.002094679514034,4999
cool_days,available,OLS,4,-12.598144500341844,-18.20654776662536,-4.6565272784966805,-20.09200450794041,-2.524203325815448,4999
cool_days,available,q10,4,-5.601590253439191,-14.620967741935486,-2.53024193548387,-18.790322580645164,0.959543010752816,4999
cool_days,available,q50,4,-12.000580720092914,-13.536038989422153,-3.0376344086021496,-15.11372577068879,-0.5472350230414743,4999
cool_days,available,q90,4,-15.37190082644628,-28.704432205612378,-1.831797235023043,-33.447476336933455,-1.3709677419354829,4999
cool_days,available,Delta1,4,-9.77031057300709,-21.640654633019274,3.00333914053426,-27.161741350968224,7.039653618704509,4999
cool_nights,available,OLS,4,-10.863292034184974,-15.446964544653609,-4.572640377595884,-16.94808478524083,-2.442738494895915,4999
cool_nights,available,q10,4,-5.905017921146952,-13.33163956639566,-3.256884343036978,-16.213847436928486,-2.465437788018432,4999
cool_nights,available,q50,4,-9.831591173054585,-11.64314516129032,-4.12298387096774,-13.573790322580647,-1.6651785714285583,4999
cool_nights,available,q90,4,-12.064516129032251,-24.88889875891475,-4.057459677419355,-27.44736053351317,-1.032258064516128,4999
cool_nights,available,Delta1,4,-6.159498207885299,-18.85849474726239,2.8311104218362235,-22.198339913266647,6.003305286388474,4999
warm_days,common_fixed,OLS,6,13.949410067057144,7.877741348597557,17.506002469731687,4.349912657324491,19.9137752019411,4999
warm_days,common_fixed,q10,6,9.520502645502646,2.1064814814814814,14.553872053872055,-2.623456790123456,16.807048984468338,4999
warm_days,common_fixed,q50,6,15.718694885361549,6.258169934640524,19.48412698412698,0.11998456790123571,26.327160493827165,4999
warm_days,common_fixed,q90,6,22.370370370370374,2.810185185185187,27.90448343079922,-9.796296296296298,32.952674897119344,4999
warm_days,common_fixed,Delta1,6,12.849867724867728,-5.430555555555552,21.08040935672515,-15.506018518518518,28.461934156378604,4999
warm_nights,common_fixed,OLS,6,11.136561695385224,7.68229695562739,12.981433005720081,5.178042131292972,13.703782683535675,4999
warm_nights,common_fixed,q10,6,10.069444444444445,6.534391534391536,11.972934472934472,1.8209876543209877,14.241338112305852,4999
warm_nights,common_fixed,q50,6,12.340534979423868,3.9316239316239305,14.151234567901234,2.0370370370370394,18.167989417989414,4999
warm_nights,common_fixed,q90,6,12.777777777777777,6.435185185185189,16.910331384015592,1.4699074074074048,18.29124579124579,4999
warm_nights,common_fixed,Delta1,6,2.708333333333332,-2.8439153439153415,7.146990740740742,-6.223425018155412,12.428977272727279,4999
cool_days,common_fixed,OLS,6,-12.612568259627094,-18.46985210678626,-3.8343186176801347,-21.511790007574934,-1.0911033182080132,4999
cool_days,common_fixed,q10,6,-5.454545454545455,-14.898148148148149,-2.1759259259259256,-32.936507936507944,3.493827160493945,4999
cool_days,common_fixed,q50,6,-11.947751322751325,-14.212962962962965,-2.1851851851851904,-16.564814814814817,0.4415954415954431,4999
cool_days,common_fixed,q90,6,-15.69593787335723,-28.744855967078188,-1.4135802469135825,-34.10493827160493,0.4012345679012341,4999
cool_days,common_fixed,Delta1,6,-10.241392418811776,-21.78414351851852,4.110157936199608,-24.887624711450613,14.346939300411549,4999
cool_nights,common_fixed,OLS,6,-10.966018730724606,-15.737178962997207,-3.9260923357419046,-17.723483253645245,-1.3625014569039766,4999
cool_nights,common_fixed,q10,6,-5.905349794238686,-13.561253561253558,-2.7559912854030513,-17.438657407407405,0.03607253086424519,4999
cool_nights,common_fixed,q50,6,-9.599999999999998,-12.04320987654321,-2.9166666666666696,-14.16515700483092,0.6196581196581209,4999
cool_nights,common_fixed,q90,6,-12.271604938271603,-25.191358024691358,-1.701388888888884,-28.167438271604944,-1.129629629629626,4999
cool_nights,common_fixed,Delta1,6,-6.366255144032917,-19.21454124579125,4.203960905349802,-20.329945455212005,8.297453703703706,4999
warm_days,available,OLS,6,14.021952707566285,7.743998191306847,17.682710056905872,4.269661018484239,20.07099834623365,4999
warm_days,available,q10,6,9.446325540444347,1.7641129032258052,14.712347709987366,-3.2078853046594973,17.007605559926567,4999
warm_days,available,q50,6,15.549853372434017,6.088709677419355,19.261786600496276,0.798051075268817,26.370705481248365,4999
warm_days,available,q90,6,22.504655127196433,2.620967741935484,27.94632627990117,-9.451612903225808,32.47701362212863,4999
warm_days,available,Delta1,6,13.058329586752086,-5.35714285714286,20.52137693585377,-15.325268817204302,27.85471244705127,4999
warm_nights,available,OLS,6,10.958427868028847,7.4295167482533895,12.8272795992858,4.872238144166966,13.579890196869597,4999
warm_nights,available,q10,6,8.741935483870968,6.252688172043011,12.441041780144849,0.57347670250896,13.978917624764174,4999
warm_nights,available,q50,6,12.139219015280133,3.8306451612903225,13.978917624764174,2.8225806451612905,17.667050691244235,4999
warm_nights,available,q90,6,12.210626185958253,6.362940998715721,16.56532034670718,1.1189516129032295,17.634408602150543,4999
warm_nights,available,Delta1,6,3.468690702087285,-2.633064516129039,7.82338486283621,-5.892433586337756,12.456477214541732,4999
cool_days,available,OLS,6,-12.598144500341844,-18.3043793817276,-3.9233730106468525,-21.356106139530418,-1.212217723567608,4999
cool_days,available,q10,6,-5.601590253439191,-15.453629032258066,-2.53024193548387,-32.174914846724114,3.250672043010813,4999
cool_days,available,q50,6,-12.000580720092914,-14.551927616050353,-2.007640067911714,-16.61421452924207,0.012174317617871865,4999
cool_days,available,q90,6,-15.37190082644628,-28.382531495565853,-1.827764976958512,-33.641204574738595,0.44354838709677935,4999
cool_days,available,Delta1,6,-9.77031057300709,-21.272965149672828,4.3592845326716585,-24.23698531340152,14.34141356014328,4999
cool_nights,available,OLS,6,-10.863292034184974,-15.490464639058908,-3.9102825873926847,-17.351350584294625,-1.26054457247538,4999
cool_nights,available,q10,6,-5.905017921146952,-13.628979857050032,-2.7324478178368117,-18.18548387096776,-0.0988323252687469,4999
cool_nights,available,q50,6,-9.831591173054585,-12.267025089605736,-3.004032258064515,-14.005844666741595,0.893300248138957,4999
cool_nights,available,q90,6,-12.064516129032251,-24.775067750677508,-2.22782258064516,-27.746279176501446,-0.9247434017594183,4999
cool_nights,available,Delta1,6,-6.159498207885299,-18.80849474726239,4.116625310173697,-20.153421673851625,8.060483870967742,4999
