index_name,year,n_available,n_index_fixed,n_common_fixed,mean_valid_days_common
warm_days,1991,115,109,108,364.01851851851853
warm_days,1992,123,109,108,361.5833333333333
warm_days,1993,121,109,108,361.6666666666667
warm_days,1994,123,109,108,361.80555555555554
warm_days,1995,124,109,108,361.52777777777777
warm_days,1996,124,109,108,362.5740740740741
warm_days,1997,124,109,108,359.8240740740741
warm_days,1998,124,109,108,360.26851851851853
warm_days,1999,124,109,108,361.25
warm_days,2000,124,109,108,360.00925925925924
warm_days,2001,124,109,108,363.30555555555554
warm_days,2002,124,109,108,362.287037037037
warm_days,2003,124,109,108,362.10185185185185
warm_days,2004,124,109,108,361.7037037037037
warm_days,2005,124,109,108,363.44444444444446
warm_days,2006,124,109,108,363.9074074074074
warm_days,2007,124,109,108,363.9166666666667
warm_days,2008,124,109,108,364.5740740740741
warm_days,2009,124,109,108,364.27777777777777
warm_days,2010,124,109,108,364.55555555555554
warm_days,2011,124,109,108,363.85185185185185
warm_days,2012,124,109,108,363.0
warm_days,2013,124,109,108,364.85185185185185
warm_days,2014,124,109,108,361.8425925925926
warm_days,2015,124,109,108,363.1666666666667
warm_days,2016,124,109,108,363.1388888888889
warm_days,2017,124,109,108,363.49074074074076
warm_days,2018,124,109,108,363.212962962963
warm_days,2019,124,109,108,362.8888888888889
warm_days,2020,124,109,108,364.1111111111111
warm_days,2021,123,109,108,363.81481481481484
warm_days,2022,123,109,108,364.3888888888889
warm_days,2023,123,109,108,363.76851851851853
warm_days,2024,121,109,108,363.3703703703704
warm_nights,1991,114,109,108,353.10185185185185
warm_nights,1992,123,109,108,350.51851851851853
warm_nights,1993,121,109,108,353.3425925925926
warm_nights,1994,123,109,108,355.73148148148147
warm_nights,1995,124,109,108,357.35185185185185
warm_nights,1996,124,109,108,353.89814814814815
warm_nights,1997,124,109,108,356.2037037037037
warm_nights,1998,124,109,108,354.27777777777777
warm_nights,1999,124,109,108,356.4259259259259
warm_nights,2000,124,109,108,356.9074074074074
warm_nights,2001,124,109,108,360.0740740740741
warm_nights,2002,124,109,108,359.8703703703704
warm_nights,2003,124,109,108,358.7962962962963
warm_nights,2004,124,109,108,359.55555555555554
warm_nights,2005,124,109,108,362.00925925925924
warm_nights,2006,124,109,108,363.3425925925926
warm_nights,2007,124,109,108,364.1388888888889
warm_nights,2008,124,109,108,364.3888888888889
warm_nights,2009,124,109,108,364.3796296296296
warm_nights,2010,124,109,108,364.3888888888889
warm_nights,2011,124,109,108,364.0740740740741
warm_nights,2012,124,109,108,363.2037037037037
warm_nights,2013,124,109,108,364.89814814814815
warm_nights,2014,124,109,108,362.1111111111111
warm_nights,2015,124,109,108,362.7962962962963
warm_nights,2016,124,109,108,363.462962962963
warm_nights,2017,124,109,108,363.3425925925926
warm_nights,2018,124,109,108,363.212962962963
warm_nights,2019,124,109,108,362.51851851851853
warm_nights,2020,124,109,108,364.0462962962963
warm_nights,2021,123,109,108,363.8240740740741
warm_nights,2022,123,109,108,364.6296296296296
warm_nights,2023,124,109,108,364.6759259259259
warm_nights,2024,122,109,108,364.75925925925924
cool_days,1991,115,109,108,364.01851851851853
cool_days,1992,123,109,108,361.5833333333333
cool_days,1993,121,109,108,361.6666666666667
cool_days,1994,123,109,108,361.80555555555554
cool_days,1995,124,109,108,361.52777777777777
cool_days,1996,124,109,108,362.5740740740741
cool_days,1997,124,109,108,359.8240740740741
cool_days,1998,124,109,108,360.26851851851853
cool_days,1999,124,109,108,361.25
cool_days,2000,124,109,108,360.00925925925924
cool_days,2001,124,109,108,363.30555555555554
cool_days,2002,124,109,108,362.287037037037
cool_days,2003,124,109,108,362.10185185185185
cool_days,2004,124,109,108,361.7037037037037
cool_days,2005,124,109,108,363.44444444444446
cool_days,2006,124,109,108,363.9074074074074
cool_days,2007,124,109,108,363.9166666666667
cool_days,2008,124,109,108,364.5740740740741
cool_days,2009,124,109,108,364.27777777777777
cool_days,2010,124,109,108,364.55555555555554
cool_days,2011,124,109,108,363.85185185185185
cool_days,2012,124,109,108,363.0
cool_days,2013,124,109,108,364.85185185185185
cool_days,2014,124,109,108,361.8425925925926
cool_days,2015,124,109,108,363.1666666666667
cool_days,2016,124,109,108,363.1388888888889
cool_days,2017,124,109,108,363.49074074074076
cool_days,2018,124,109,108,363.212962962963
cool_days,2019,124,109,108,362.8888888888889
cool_days,2020,124,109,108,364.1111111111111
cool_days,2021,123,109,108,363.81481481481484
cool_days,2022,123,109,108,364.3888888888889
cool_days,2023,123,109,108,363.76851851851853
cool_days,2024,121,109,108,363.3703703703704
cool_nights,1991,114,109,108,353.10185185185185
cool_nights,1992,123,109,108,350.51851851851853
cool_nights,1993,121,109,108,353.3425925925926
cool_nights,1994,123,109,108,355.73148148148147
cool_nights,1995,124,109,108,357.35185185185185
cool_nights,1996,124,109,108,353.89814814814815
cool_nights,1997,124,109,108,356.2037037037037
cool_nights,1998,124,109,108,354.27777777777777
cool_nights,1999,124,109,108,356.4259259259259
cool_nights,2000,124,109,108,356.9074074074074
cool_nights,2001,124,109,108,360.0740740740741
cool_nights,2002,124,109,108,359.8703703703704
cool_nights,2003,124,109,108,358.7962962962963
cool_nights,2004,124,109,108,359.55555555555554
cool_nights,2005,124,109,108,362.00925925925924
cool_nights,2006,124,109,108,363.3425925925926
cool_nights,2007,124,109,108,364.1388888888889
cool_nights,2008,124,109,108,364.3888888888889
cool_nights,2009,124,109,108,364.3796296296296
cool_nights,2010,124,109,108,364.3888888888889
cool_nights,2011,124,109,108,364.0740740740741
cool_nights,2012,124,109,108,363.2037037037037
cool_nights,2013,124,109,108,364.89814814814815
cool_nights,2014,124,109,108,362.1111111111111
cool_nights,2015,124,109,108,362.7962962962963
cool_nights,2016,124,109,108,363.462962962963
cool_nights,2017,124,109,108,363.3425925925926
cool_nights,2018,124,109,108,363.212962962963
cool_nights,2019,124,109,108,362.51851851851853
cool_nights,2020,124,109,108,364.0462962962963
cool_nights,2021,123,109,108,363.8240740740741
cool_nights,2022,123,109,108,364.6296296296296
cool_nights,2023,124,109,108,364.6759259259259
cool_nights,2024,122,109,108,364.75925925925924
